"","TAGA","TAGB","MeetingTree","MeetingDate","prop_A_vis_B","prop_A_first","n_shared_trees","n+shared_new_trees","A_future_trees","min_nights"
"1","4419","4408","None",2018-05-21,0,1,1,0,3,"yes"
"2","4448","4408","Mulberry_734",2018-05-25,0,0,1,0,2,"yes"
"3","4424","4419","None",2018-05-06,0,0.67,3,0,6,"yes"
"4","4453","4419","None",2018-05-11,0,1,1,0,2,"yes"
"5","4408","4419","None",2018-05-21,0,0,1,0,2,"yes"
"6","4448","4419","None",2018-05-25,0,0,1,0,2,"yes"
"7","4440","4424","None",2018-05-04,0,1,5,0,3,"yes"
"8","4444","4429","Mulberry_755",2018-04-25,0,0,1,0,5,"yes"
"9","4455","4432","Mulberry_655",2018-06-11,0,1,1,0,2,"yes"
"10","4419","4435","None",2018-05-21,0,1,1,0,3,"yes"
"11","4455","4439","Mulberry_655",2018-06-07,0,0,1,0,2,"yes"
"12","4445","4440","None",2018-04-19,0,0.75,4,0,7,"yes"
"13","4444","4440","None",2018-04-18,0,0.83,6,0,3,"yes"
"14","4424","4440","None",2018-05-04,0,0,5,0,2,"yes"
"15","4419","4440","None",2018-05-11,0,0,1,0,2,"yes"
"16","4448","4441","Mulberry_734",2018-05-25,0,0,1,0,2,"yes"
"17","4445","4442","None",2018-04-19,0,0.5,2,0,7,"yes"
"18","4444","4442","None",2018-04-21,0,0,2,0,3,"yes"
"19","4442","4444","None",2018-04-21,0,1,2,0,7,"yes"
"20","4445","4444","None",2018-04-19,0,0.5,8,0,7,"yes"
"21","4442","4445","None",2018-04-19,0.17,0.5,2,1,6,"yes"
"22","4440","4445","None",2018-04-19,0,0.25,4,0,3,"yes"
"23","4455","4446","Mulberry_655",2018-06-07,0,0,1,0,2,"yes"
"24","4440","4449","None",2018-05-05,0,1,3,0,5,"yes"
"25","4424","4449","Mulberry_706",2018-05-09,0,1,2,0,6,"yes"
"26","4452","4449","Mulberry_734",2018-05-10,0,0,1,0,5,"yes"
"27","4449","4452","Mulberry_734",2018-05-10,0,1,1,0,7,"yes"
"28","4440","4453","None",2018-05-04,0,1,1,0,3,"yes"
"29","4419","4453","None",2018-05-11,0,0,1,0,2,"yes"
"30","4440","4454","None",2018-05-04,0,1,2,0,3,"yes"
"31","4424","4454","Mulberry_731",2018-05-04,0,0,1,0,2,"yes"
"32","4579","4576","None",2018-03-14,0,0,1,0,6,"yes"
"33","4577","4576","None",2018-03-17,0,0,2,0,7,"yes"
"34","4579","4577","None",2018-03-16,0,1,3,0,3,"yes"
"35","4577","4579","None",2018-03-16,0.12,0,3,1,8,"yes"
"36","5017","4978","None",2018-06-30,0,1,1,0,5,"yes"
"37","5018","4978","unknown_94",2018-06-28,0,0.5,2,0,10,"yes"
"38","5013","4978","None",2018-06-30,0,1,1,0,8,"yes"
"39","5016","4978","None",2018-06-30,0,1,1,0,4,"yes"
"40","5019","4978","None",2018-06-30,0,1,1,0,3,"yes"
"41","5022","5011","None",2018-07-02,0,1,1,0,2,"yes"
"42","4978","5013","None",2018-06-30,0,0,1,0,11,"yes"
"43","5017","5013","unknown_331",2018-06-28,0,0.5,2,0,9,"yes"
"44","5022","5013","Ficus religiosa_19",2018-06-30,0.2,1,4,1,5,"yes"
"45","5018","5013","unknown_331",2018-06-28,0,0.8,5,0,10,"yes"
"46","5016","5013","Ficus religiosa_17",2018-06-29,0,0.5,6,0,4,"yes"
"47","5021","5013","Ficus religiosa_19",2018-06-30,0,1,1,0,7,"yes"
"48","5015","5013","None",2018-06-29,0,0.4,5,0,2,"yes"
"49","5019","5013","Ficus religiosa_17",2018-06-29,0.11,0.5,4,1,9,"yes"
"50","5022","5015","None",2018-06-28,0,0,3,0,7,"yes"
"51","5011","5015","None",2018-07-03,0,0,2,0,2,"yes"
"52","5013","5015","None",2018-06-29,0.1,0.6,5,1,10,"yes"
"53","5016","5015","None",2018-07-01,0,0.5,2,0,9,"yes"
"54","5021","5015","None",2018-06-28,0.33,0.33,3,1,3,"yes"
"55","5019","5015","Ficus carica_1045",2018-06-29,0,0,4,0,9,"yes"
"56","4978","5016","None",2018-06-30,0,0,1,0,11,"yes"
"57","5017","5016","unknown_331",2018-06-28,0,1,3,0,9,"yes"
"58","5022","5016","unknown_1091",2018-06-28,0,1,3,0,7,"yes"
"59","5018","5016","unknown_331",2018-06-28,0,0.8,5,0,10,"yes"
"60","5013","5016","Ficus religiosa_17",2018-06-29,0.1,0.5,6,1,10,"yes"
"61","5021","5016","Ficus religiosa_19",2018-07-01,0,1,2,0,6,"yes"
"62","5015","5016","None",2018-07-01,0,0.5,2,0,2,"yes"
"63","5019","5016","Ficus religiosa_17",2018-06-29,0.22,0.5,4,2,9,"yes"
"64","4978","5017","None",2018-06-30,0,0,1,0,11,"yes"
"65","5022","5017","None",2018-06-29,0,1,1,0,6,"yes"
"66","5018","5017","unknown_331",2018-06-28,0,0.33,3,0,10,"yes"
"67","5013","5017","unknown_331",2018-06-28,0,0.5,2,0,4,"yes"
"68","5016","5017","unknown_331",2018-06-28,0.12,0,3,1,8,"yes"
"69","5015","5017","None",2018-06-29,0,1,1,0,2,"yes"
"70","5019","5017","Mulberry_350",2018-06-28,0.2,0.25,4,1,5,"yes"
"71","4978","5018","unknown_94",2018-06-28,0,0.5,2,0,5,"yes"
"72","5017","5018","unknown_331",2018-06-28,0,0.67,3,0,9,"yes"
"73","5022","5018","Ficus religiosa_19",2018-06-28,0,0.86,7,0,7,"yes"
"74","5011","5018","None",2018-07-03,0,0,1,0,2,"yes"
"75","5013","5018","unknown_331",2018-06-28,0,0.2,5,0,4,"yes"
"76","5016","5018","unknown_331",2018-06-28,0,0.2,5,0,8,"yes"
"77","5021","5018","Ficus religiosa_19",2018-06-28,0,0.67,3,0,3,"yes"
"78","5015","5018","Mulberry_768",2018-06-29,0,0.75,4,0,2,"yes"
"79","5019","5018","unknown_331",2018-06-30,0,0.67,6,0,3,"yes"
"80","4978","5019","None",2018-06-30,0,0,1,0,11,"yes"
"81","5017","5019","Mulberry_350",2018-06-28,0,0.75,4,0,9,"yes"
"82","5022","5019","Ficus religiosa_19",2018-06-28,0,0.8,5,0,7,"yes"
"83","5018","5019","unknown_331",2018-06-30,0,0.33,6,0,3,"yes"
"84","5013","5019","Ficus religiosa_17",2018-06-29,0.3,0.5,4,3,10,"yes"
"85","5016","5019","Ficus religiosa_17",2018-06-29,0,0.5,4,0,4,"yes"
"86","5021","5019","Ficus religiosa_19",2018-06-28,0,0.5,2,0,3,"yes"
"87","5015","5019","Ficus carica_1045",2018-06-29,0,1,4,0,2,"yes"
"88","5022","5021","Ficus religiosa_19",2018-06-28,0,0.33,3,0,7,"yes"
"89","5018","5021","Ficus religiosa_19",2018-06-28,0,0.33,3,0,10,"yes"
"90","5013","5021","Ficus religiosa_19",2018-06-30,0,0,1,0,8,"yes"
"91","5016","5021","Ficus religiosa_19",2018-07-01,0,0,2,0,9,"yes"
"92","5015","5021","None",2018-06-28,0,0.67,3,0,4,"yes"
"93","5019","5021","Ficus religiosa_19",2018-06-28,0,0.5,2,0,5,"yes"
"94","5011","5022","None",2018-07-02,0,0,1,0,5,"yes"
"95","5018","5022","Ficus religiosa_19",2018-06-28,0,0.14,7,0,10,"yes"
"96","5013","5022","Ficus religiosa_19",2018-06-30,0,0,4,0,8,"yes"
"97","5016","5022","unknown_1091",2018-06-28,0,0,3,0,8,"yes"
"98","5021","5022","Ficus religiosa_19",2018-06-28,0,0.67,3,0,3,"yes"
"99","5015","5022","None",2018-06-28,0,1,3,0,4,"yes"
"100","5019","5022","Ficus religiosa_19",2018-06-28,0.2,0.2,5,1,5,"yes"
"101","5471","5056","None",2018-11-25,0,0.5,2,0,9,"yes"
"102","5473","5056","None",2018-11-23,0,0.6,5,0,10,"yes"
"103","5486","5056","None",2018-11-29,0,0.75,4,0,2,"yes"
"104","5425","5056","Melia azedarach_437",2018-11-25,0,0.5,2,0,3,"yes"
"105","5589","5056","Melia azedarach_437",2018-11-25,0.5,0.33,9,1,2,"yes"
"106","5590","5058","None",2019-01-10,0,0.75,4,0,8,"yes"
"107","5679","5058","None",2019-02-08,0,0,1,0,3,"yes"
"108","5153","5150","None",2018-07-25,0,0,2,0,9,"yes"
"109","5154","5150","None",2018-07-20,0,1,4,0,8,"yes"
"110","5153","5154","Ficus carica_804",2018-07-19,0,0.14,7,0,2,"yes"
"111","5150","5157","None",2018-07-24,0.5,0,2,1,2,"yes"
"112","5473","5425","None",2018-11-25,0,1,7,0,9,"yes"
"113","5597","5425","None",2018-11-25,0,1,2,0,5,"yes"
"114","5486","5425","None",2018-12-09,0,0,1,0,5,"yes"
"115","5056","5425","Melia azedarach_437",2018-11-25,0,0.5,2,0,5,"yes"
"116","5480","5425","None",2018-11-25,0,1,1,0,2,"yes"
"117","5476","5425","Ficus religiosa_19",2018-11-25,0,0.5,6,0,6,"yes"
"118","5589","5425","Melia azedarach_437",2018-11-25,0.5,0.33,3,1,2,"yes"
"119","5431","5429","None",2018-08-25,0,1,1,0,4,"yes"
"120","5429","5431","None",2018-08-25,0,0,1,0,2,"yes"
"121","5433","5431","None",2018-08-22,0,0.5,2,0,3,"yes"
"122","5431","5433","None",2018-08-22,0,0.5,2,0,5,"yes"
"123","5462","5458","None",2018-11-23,0,0.33,3,0,3,"yes"
"124","5473","5458","Washingtonia_333",2018-11-23,0.2,0.4,5,2,10,"yes"
"125","5597","5458","None",2018-11-23,0,1,3,0,6,"yes"
"126","5486","5458","None",2018-12-07,0,0,1,0,5,"yes"
"127","5056","5458","None",2018-11-25,0,0,2,0,5,"yes"
"128","5477","5458","None",2018-11-24,0,1,1,0,6,"yes"
"129","5483","5458","Melia azedarach_437",2018-11-23,0.2,0.33,6,1,5,"yes"
"130","5425","5458","None",2018-11-25,0,0,3,0,3,"yes"
"131","5476","5458","None",2018-12-04,0,0,1,0,3,"yes"
"132","5589","5458","Melia azedarach_437",2018-11-23,0,0.33,3,0,4,"yes"
"133","5458","5462","None",2018-11-23,0,0.67,3,0,8,"yes"
"134","5473","5462","Ficus religiosa_19",2018-11-24,0,0.5,4,0,5,"yes"
"135","5597","5462","Melia azedarach_640",2018-11-30,0,0.75,4,0,5,"yes"
"136","5056","5462","Melia azedarach_437",2018-11-25,0.2,0.33,3,1,5,"yes"
"137","5483","5462","None",2018-11-23,0.2,0.75,4,1,5,"yes"
"138","5425","5462","Melia azedarach_437",2018-11-25,0,0.25,4,0,3,"yes"
"139","5476","5462","None",2018-11-25,0,0.33,3,0,6,"yes"
"140","5589","5462","Melia azedarach_437",2018-11-23,0,0.2,5,0,4,"yes"
"141","5479","5471","Ficus carica_673",2018-11-22,0,1,1,0,3,"yes"
"142","5486","5471","None",2018-11-29,0,0,1,0,2,"yes"
"143","5056","5471","None",2018-11-25,0,0.5,2,0,5,"yes"
"144","5476","5471","None",2018-11-25,0,0.25,4,0,6,"yes"
"145","5458","5473","Washingtonia_333",2018-11-23,0,0.6,5,0,8,"yes"
"146","5462","5473","Ficus religiosa_19",2018-11-24,0.2,0.5,4,1,5,"yes"
"147","5597","5473","None",2018-11-23,0.17,0.75,4,1,6,"yes"
"148","5486","5473","None",2018-11-29,0,0,3,0,2,"yes"
"149","5056","5473","None",2018-11-23,0,0.4,5,0,4,"yes"
"150","5480","5473","Ficus religiosa_19",2018-11-25,0,0,1,0,2,"yes"
"151","5483","5473","None",2018-11-23,0,0.36,11,0,5,"yes"
"152","5425","5473","None",2018-11-25,0,0,7,0,3,"yes"
"153","5476","5473","None",2018-11-24,0.1,0.17,6,1,10,"yes"
"154","5589","5473","Melia azedarach_437",2018-11-27,0,0.33,3,0,2,"yes"
"155","5471","5476","None",2018-11-25,0,0.75,4,0,9,"yes"
"156","5473","5476","None",2018-11-24,0.2,0.83,6,1,5,"yes"
"157","5597","5476","None",2018-11-25,0,1,2,0,5,"yes"
"158","5486","5476","unknown_95",2018-12-05,0,0.33,3,0,4,"yes"
"159","5480","5476","None",2018-11-25,0,1,1,0,2,"yes"
"160","5425","5476","Ficus religiosa_19",2018-11-25,0,0.5,6,0,3,"yes"
"161","5589","5476","None",2018-12-12,0,0,1,0,2,"yes"
"162","5458","5477","None",2018-11-24,0,0,1,0,9,"yes"
"163","5597","5477","Ficus carica_414",2018-11-25,0.2,1,3,1,5,"yes"
"164","5486","5477","None",2018-11-29,0,0,4,0,2,"yes"
"165","5480","5477","None",2018-11-27,0,0,3,0,4,"yes"
"166","5483","5477","None",2018-11-24,0,1,1,0,7,"yes"
"167","5458","5479","None",2018-11-23,0,0,2,0,8,"yes"
"168","5462","5479","None",2018-11-23,0,0,3,0,3,"yes"
"169","5471","5479","Ficus carica_673",2018-11-22,0,0,1,0,17,"yes"
"170","5473","5479","None",2018-11-24,0,0.33,3,0,5,"yes"
"171","5597","5479","None",2018-11-22,0,0.33,3,0,15,"yes"
"172","5486","5479","None",2018-11-22,0,0.2,5,0,3,"yes"
"173","5056","5479","None",2018-11-23,0,0.17,6,0,4,"yes"
"174","5477","5479","None",2018-11-23,0.2,0.12,8,1,5,"yes"
"175","5480","5479","None",2018-11-23,0,0.25,4,0,6,"yes"
"176","5483","5479","None",2018-11-23,0,0,2,0,5,"yes"
"177","5425","5479","None",2018-11-25,0,0,1,0,3,"yes"
"178","5476","5479","None",2018-11-25,0,0,2,0,6,"yes"
"179","5589","5479","None",2018-11-23,0.25,0,5,1,4,"yes"
"180","5462","5480","None",2018-11-24,0,0,1,0,5,"yes"
"181","5473","5480","Ficus religiosa_19",2018-11-25,0,1,1,0,9,"yes"
"182","5597","5480","None",2018-11-24,0,0.5,2,0,5,"yes"
"183","5056","5480","None",2018-12-12,0,0,1,0,2,"yes"
"184","5477","5480","None",2018-11-27,0,1,3,0,8,"yes"
"185","5483","5480","None",2018-11-24,0,1,1,0,7,"yes"
"186","5425","5480","None",2018-11-25,0,0,1,0,3,"yes"
"187","5476","5480","None",2018-11-25,0,0,1,0,6,"yes"
"188","5589","5480","None",2018-12-12,0,0,1,0,2,"yes"
"189","5458","5483","Melia azedarach_437",2018-11-23,0.12,0.67,6,1,8,"yes"
"190","5462","5483","None",2018-11-23,0.33,0.25,4,1,3,"yes"
"191","5473","5483","None",2018-11-23,0.3,0.64,11,3,10,"yes"
"192","5597","5483","Persimmon_32",2018-11-23,0.17,0.5,6,1,6,"yes"
"193","5056","5483","None",2018-11-25,0,0.25,4,0,5,"yes"
"194","5477","5483","None",2018-11-24,0,0,1,0,6,"yes"
"195","5425","5483","None",2018-11-25,0.33,0,6,1,3,"yes"
"196","5476","5483","None",2018-11-25,0,0.25,4,0,6,"yes"
"197","5589","5483","Melia azedarach_437",2018-11-23,0,0.6,5,0,4,"yes"
"198","5479","5486","None",2018-11-22,0,0.8,5,0,3,"yes"
"199","5462","5486","1",2018-11-27,0,0.5,2,0,5,"yes"
"200","5471","5486","None",2018-11-29,0,1,1,0,5,"yes"
"201","5473","5486","None",2018-11-29,0,1,3,0,8,"yes"
"202","5477","5486","None",2018-11-29,0,1,4,0,10,"yes"
"203","5480","5486","None",2018-11-23,0,0.5,4,0,6,"yes"
"204","5483","5486","None",2018-11-23,0,0.83,6,0,5,"yes"
"205","5476","5486","unknown_95",2018-12-05,0,0.67,3,0,7,"yes"
"206","5458","5589","Melia azedarach_437",2018-11-23,0,0.67,3,0,8,"yes"
"207","5462","5589","Melia azedarach_437",2018-11-23,0,0.8,5,0,3,"yes"
"208","5471","5589","Ficus carica_673",2018-11-24,0,1,1,0,8,"yes"
"209","5473","5589","Melia azedarach_437",2018-11-27,0,0.67,3,0,6,"yes"
"210","5056","5589","Melia azedarach_437",2018-11-25,0,0.67,9,0,5,"yes"
"211","5483","5589","Melia azedarach_437",2018-11-23,0,0.4,5,0,5,"yes"
"212","5425","5589","Melia azedarach_437",2018-11-25,0,0.67,3,0,3,"yes"
"213","5600","5594","None",2019-02-13,0,1,1,0,7,"yes"
"214","5479","5597","None",2018-11-22,0,0.67,3,0,3,"yes"
"215","5458","5597","None",2018-11-23,0.12,0,3,1,8,"yes"
"216","5473","5597","None",2018-11-23,0.2,0.25,4,2,10,"yes"
"217","5486","5597","None",2018-12-07,0,0,2,0,5,"yes"
"218","5056","5597","None",2018-12-24,0,0,1,0,3,"yes"
"219","5483","5597","Persimmon_32",2018-11-23,0,0.5,6,0,5,"yes"
"220","5425","5597","None",2018-11-25,0,0,2,0,3,"yes"
"221","5476","5597","None",2018-11-25,0,0,2,0,6,"yes"
"222","5589","5597","None",2018-12-12,0,0,1,0,2,"yes"
"223","5732","5598","None",2019-03-12,0,0.5,2,0,2,"yes"
"224","5764","5599","None",2019-09-25,0,1,3,0,4,"yes"
"225","6182","5599","Ficus microcarpa_36",2019-09-23,0,0.25,4,0,7,"yes"
"226","5666","5599","None",2019-09-24,0,1,1,0,6,"yes"
"227","5743","5599","None",2019-10-02,0,0,2,0,8,"yes"
"228","5685","5599","None",2019-09-25,0,0.5,2,0,5,"yes"
"229","5679","5660","Citrus_5",2019-02-09,0,0,2,0,4,"yes"
"230","5600","5660","Citrus_5",2019-02-08,0,0,1,0,9,"yes"
"231","5751","5662","None",2019-11-06,0,1,2,0,2,"yes"
"232","5745","5662","None",2019-11-06,0.09,1,4,1,11,"yes"
"233","6250","5662","None",2019-11-18,0,1,1,0,2,"yes"
"234","6238","5662","None",2019-11-17,0,1,1,0,6,"yes"
"235","5667","5662","unknown_3641",2019-11-08,0,0.25,4,0,6,"yes"
"236","5761","5662","None",2019-12-10,0,0,1,0,5,"yes"
"237","5744","5662","unknown_3641",2019-11-16,0,0.5,4,0,6,"yes"
"238","6240","5662","None",2019-12-04,0,0,2,0,5,"yes"
"239","5599","5666","None",2019-09-24,0,0,1,0,9,"yes"
"240","5751","5667","None",2019-11-07,0,0.86,7,0,2,"yes"
"241","5745","5667","None",2019-11-06,0,0.38,8,0,11,"yes"
"242","6026","5667","None",2019-11-06,0,0.71,7,0,5,"yes"
"243","5662","5667","unknown_3641",2019-11-08,0,0.75,4,0,2,"yes"
"244","6238","5667","Ficus carica_796",2019-11-18,0,1,2,0,3,"yes"
"245","5778","5667","unknown_91",2019-11-20,0,0.5,4,0,3,"yes"
"246","6246","5667","None",2019-11-07,0,0.5,4,0,5,"yes"
"247","5744","5667","unknown_3641",2019-11-06,0,0.36,11,0,3,"yes"
"248","6027","5667","None",2019-11-08,0,0.5,2,0,4,"yes"
"249","5679","5672","Citrus_5",2019-02-09,0.25,0.25,4,1,4,"yes"
"250","5600","5672","Citrus_5",2019-02-09,0,0,1,0,5,"yes"
"251","5679","5677","unknown_2591",2019-02-10,0,0.2,5,0,4,"yes"
"252","5600","5677","None",2019-02-10,0.25,1,1,1,4,"yes"
"253","5058","5679","None",2019-02-08,0,1,1,0,2,"yes"
"254","5680","5679","Citrus_5",2019-02-09,0,1,2,0,2,"yes"
"255","5594","5679","unknown_2631",2019-02-17,0.5,0.33,3,1,2,"yes"
"256","5679","5680","Citrus_5",2019-02-09,0,0,2,0,4,"yes"
"257","5600","5680","Citrus_5",2019-02-08,0,0,1,0,9,"yes"
"258","5749","5684","None",2019-11-07,0,0,1,0,2,"yes"
"259","6245","5684","unknown_1438",2019-11-08,0,0,1,0,2,"yes"
"260","5771","5684","None",2019-11-08,0,0,1,0,3,"yes"
"261","6181","5684","Melia azedarach_702",2019-11-07,0,0.5,6,0,3,"yes"
"262","5781","5684","Citrus_5",2019-11-07,0.33,0.2,5,1,3,"yes"
"263","6263","5684","Citrus_12",2019-11-10,0,1,3,0,7,"yes"
"264","6266","5684","Citrus_5",2019-11-07,0,0,1,0,2,"yes"
"265","6267","5684","None",2019-11-08,0,0,1,0,2,"yes"
"266","6271","5684","None",2019-11-17,0,0,1,0,2,"yes"
"267","6274","5684","Citrus_12",2019-11-10,0,1,1,0,3,"yes"
"268","5764","5685","None",2019-09-24,0,0.8,10,0,3,"yes"
"269","5751","5685","None",2019-09-24,0,0.83,6,0,5,"yes"
"270","5745","5685","None",2019-09-24,0,0.36,11,0,7,"yes"
"271","5599","5685","None",2019-09-25,0.14,0.5,2,1,7,"yes"
"272","5743","5685","None",2019-09-24,0,0.45,11,0,4,"yes"
"273","5782","5699","None",2019-03-28,0,0,1,0,3,"yes"
"274","5703","5699","None",2019-03-28,0,0,1,0,11,"yes"
"275","5734","5699","None",2019-03-27,0,0,2,0,2,"yes"
"276","5703","5700","None",2019-04-10,0.2,1,3,1,5,"yes"
"277","5734","5700","Citrus_2",2019-04-14,0,0.5,4,0,3,"yes"
"278","5728","5700","Citrus_2",2019-04-10,0,0.43,7,0,2,"yes"
"279","5783","5700","Citrus_2",2019-04-10,0,1,2,0,2,"yes"
"280","5734","5702","None",2019-04-20,0,0,1,0,2,"yes"
"281","5733","5703","None",2019-03-27,0,1,2,0,6,"yes"
"282","5780","5703","None",2019-03-26,0,1,2,0,5,"yes"
"283","5782","5703","unknown_462",2019-03-28,0,1,2,0,3,"yes"
"284","5734","5703","Citrus_2",2019-03-28,0,0.5,4,0,3,"yes"
"285","5783","5703","None",2019-04-10,0,0,1,0,2,"yes"
"286","5727","5704","None",2019-05-30,0.2,1,1,1,5,"yes"
"287","5777","5720","Ficus religiosa_12",2019-06-26,0,0.5,2,0,3,"yes"
"288","5699","5726","None",2019-03-30,0.11,1,1,1,9,"yes"
"289","5703","5726","Citrus_2",2019-03-28,0,0.5,2,0,11,"yes"
"290","5734","5726","Citrus_2",2019-03-26,0,0.33,3,0,2,"yes"
"291","5783","5726","Citrus_2",2019-04-10,0,0,1,0,2,"yes"
"292","5759","5726","unknown_241",2019-04-13,0.25,0,2,1,4,"yes"
"293","5704","5727","None",2019-05-30,0,0,1,0,2,"yes"
"294","5703","5728","Citrus_2",2019-03-28,0,0,2,0,11,"yes"
"295","5734","5728","Citrus_2",2019-03-26,0.5,0.5,6,1,2,"yes"
"296","5764","5728","None",2019-04-14,0,0.5,2,0,2,"yes"
"297","5783","5728","Citrus_2",2019-04-10,0,0,2,0,2,"yes"
"298","5759","5728","unknown_241",2019-04-13,0.25,0.33,3,1,4,"yes"
"299","5736","5728","Citrus_3",2019-04-11,0,0.5,2,0,3,"yes"
"300","5769","5729","Citrus_2",2019-03-29,0,1,1,0,5,"yes"
"301","5747","5729","Citrus_2",2019-03-29,0,1,2,0,2,"yes"
"302","5726","5729","Citrus_2",2019-03-29,0,1,1,0,2,"yes"
"303","5783","5729","Citrus_2",2019-04-10,0,0.5,2,0,2,"yes"
"304","5732","5731","None",2019-03-15,0,1,1,0,7,"yes"
"305","5733","5731","None",2019-03-14,0,0.17,6,0,3,"yes"
"306","5738","5731","None",2019-03-15,0,1,2,0,2,"yes"
"307","5598","5732","None",2019-03-12,0.2,0.5,2,1,5,"yes"
"308","5731","5732","None",2019-03-15,0,0,1,0,9,"yes"
"309","5731","5733","None",2019-03-14,0.1,0.83,6,1,10,"yes"
"310","5769","5733","Ficus carica_715",2019-04-04,0,0.5,6,0,4,"yes"
"311","5703","5733","None",2019-03-27,0,0,2,0,4,"yes"
"312","5703","5734","Citrus_2",2019-03-28,0,0.5,4,0,11,"yes"
"313","5764","5734","Citrus_5",2019-04-20,0,1,1,0,8,"yes"
"314","5783","5734","Citrus_2",2019-04-10,0,0,1,0,2,"yes"
"315","5759","5734","unknown_241",2019-04-13,0.25,0.33,3,1,4,"yes"
"316","6258","5735","Citrus_12",2019-11-06,0,0,1,0,10,"yes"
"317","6181","5735","Citrus_12",2019-11-07,0,0.5,2,0,3,"yes"
"318","6274","5735","Citrus_12",2019-11-09,0,0,1,0,5,"yes"
"319","5783","5736","None",2019-04-10,0,1,1,0,2,"yes"
"320","5700","5736","Melia azedarach_685",2019-04-16,1,0.4,5,2,2,"yes"
"321","5777","5737","Mulberry_655",2019-06-28,0,1,3,0,4,"yes"
"322","5739","5737","None",2019-06-28,0,1,2,0,2,"yes"
"323","6125","5737","None",2019-06-30,0,0,1,0,3,"yes"
"324","6123","5737","None",2019-07-12,0,0,1,0,3,"yes"
"325","5731","5738","None",2019-03-15,0.11,0,2,1,9,"yes"
"326","5733","5738","None",2019-04-02,0,0,1,0,3,"yes"
"327","6125","5739","None",2019-06-30,0,0,1,0,3,"yes"
"328","6123","5739","None",2019-07-12,0,0,1,0,3,"yes"
"329","5737","5739","None",2019-06-28,0,0,2,0,5,"yes"
"330","5727","5741","None",2019-05-28,0,0.67,3,0,10,"yes"
"331","5777","5741","Mulberry_655",2019-05-26,0,0.6,5,0,2,"yes"
"332","5760","5741","Washingtonia_428",2019-05-23,0.5,0.33,3,1,2,"yes"
"333","6125","5741","None",2019-06-30,0,0,1,0,3,"yes"
"334","5737","5741","Mulberry_655",2019-06-28,0,0.5,2,0,5,"yes"
"335","5599","5741","None",2019-09-26,0,0,1,0,10,"yes"
"336","5777","5742","None",2019-06-26,0.33,1,4,1,3,"yes"
"337","5739","5742","None",2019-06-26,0,1,1,0,2,"yes"
"338","6125","5742","None",2019-06-26,0,0.67,6,0,4,"yes"
"339","5737","5742","Mulberry_655",2019-06-28,0,0,1,0,5,"yes"
"340","5764","5743","None",2019-09-23,0,0.67,3,0,3,"yes"
"341","5751","5743","None",2019-10-02,0,1,4,0,5,"yes"
"342","5745","5743","None",2019-09-26,0,0,3,0,5,"yes"
"343","5685","5743","None",2019-09-24,0,0.55,11,0,3,"yes"
"344","5751","5744","Mulberry_350",2019-11-14,0,1,12,0,5,"yes"
"345","5771","5744","None",2019-11-06,0.11,0.5,2,1,9,"yes"
"346","6026","5744","None",2019-11-08,0.2,0.8,5,1,5,"yes"
"347","6255","5744","None",2019-11-28,0,0,1,0,8,"yes"
"348","5662","5744","unknown_3641",2019-11-16,0,0.5,4,0,4,"yes"
"349","5667","5744","unknown_3641",2019-11-06,0,0.64,11,0,5,"yes"
"350","6251","5744","Melia azedarach_652",2019-12-03,0,0.5,4,0,2,"yes"
"351","5778","5744","None",2019-11-09,0,0.33,9,0,8,"yes"
"352","6246","5744","unknown_463",2019-11-07,0,0.45,11,0,5,"yes"
"353","6260","5744","None",2019-12-03,0,1,3,0,2,"yes"
"354","6240","5744","None",2019-12-03,0,1,1,0,6,"yes"
"355","5751","5745","None",2019-08-29,0,0.8,15,0,3,"yes"
"356","5743","5745","None",2019-09-26,0,1,3,0,2,"yes"
"357","5685","5745","None",2019-09-24,0,0.64,11,0,3,"yes"
"358","5770","5745","None",2019-11-07,0,0,2,0,4,"yes"
"359","6245","5745","None",2019-11-08,0,0,2,0,2,"yes"
"360","5771","5745","None",2019-11-12,0,0,1,0,2,"yes"
"361","6026","5745","None",2019-11-06,0,0.6,5,0,5,"yes"
"362","6242","5745","None",2019-11-06,0,0,4,0,6,"yes"
"363","5667","5745","None",2019-11-06,0,0.62,8,0,5,"yes"
"364","6265","5745","None",2019-11-06,0,0,4,0,3,"yes"
"365","5761","5745","unknown_3242",2019-12-09,0,0.17,6,0,3,"yes"
"366","6271","5745","None",2019-11-06,0,0,3,0,3,"yes"
"367","5778","5745","Mulberry_562",2019-12-16,0,0.18,11,0,4,"yes"
"368","6029","5745","unknown_3242",2019-11-13,0,0.4,5,0,5,"yes"
"369","5731","5746","None",2019-03-16,0,0,1,0,4,"yes"
"370","5699","5747","None",2019-03-30,0.11,1,1,1,9,"yes"
"371","5703","5747","Citrus_2",2019-03-28,0,0.5,2,0,11,"yes"
"372","5734","5747","Citrus_2",2019-03-26,0,0.2,5,0,2,"yes"
"373","5783","5747","None",2019-04-10,0,0,1,0,2,"yes"
"374","5755","5747","Citrus_2",2019-04-13,0,0,1,0,2,"yes"
"375","5763","5747","Citrus_2",2019-04-13,0,0,1,0,2,"yes"
"376","5700","5747","Citrus_2",2019-04-12,0,0,2,0,5,"yes"
"377","5764","5748","Mulberry_755",2019-09-07,0,0.6,5,0,5,"yes"
"378","5751","5748","None",2019-09-09,0,0.2,5,0,2,"yes"
"379","5745","5748","None",2019-09-26,0,0,4,0,5,"yes"
"380","5743","5748","None",2019-09-26,0,0,4,0,2,"yes"
"381","5685","5748","Mulberry_378",2019-09-25,0,0,5,0,5,"yes"
"382","5684","5749","None",2019-11-07,0,1,1,0,3,"yes"
"383","6245","5749","None",2019-11-07,0,0,1,0,5,"yes"
"384","5771","5749","None",2019-11-07,0,0,1,0,3,"yes"
"385","6181","5749","Loquat_443",2019-11-06,0,0.25,4,0,6,"yes"
"386","5781","5749","Loquat_443",2019-11-06,0,0.5,4,0,6,"yes"
"387","6250","5749","None",2019-11-10,0,0,1,0,4,"yes"
"388","6267","5749","None",2019-11-08,0,0,2,0,2,"yes"
"389","6265","5749","None",2019-11-18,0,0,2,0,4,"yes"
"390","6251","5749","None",2019-11-16,0,0,4,0,3,"yes"
"391","6271","5749","None",2019-12-05,0,0,1,0,6,"yes"
"392","5745","5751","None",2019-08-29,0,0.2,15,0,2,"yes"
"393","5748","5751","None",2019-09-09,0,0.8,5,0,3,"yes"
"394","5599","5751","None",2019-09-25,0,0.67,3,0,7,"yes"
"395","5743","5751","None",2019-10-02,0.12,0,4,1,8,"yes"
"396","5685","5751","None",2019-09-24,0,0.17,6,0,3,"yes"
"397","5770","5751","None",2019-11-07,0,0,2,0,4,"yes"
"398","5771","5751","None",2019-11-06,0,0,2,0,9,"yes"
"399","6026","5751","None",2019-11-06,0,0.14,7,0,5,"yes"
"400","6263","5751","None",2019-11-10,0,0,1,0,7,"yes"
"401","6242","5751","unknown_642",2019-11-09,0,0,3,0,2,"yes"
"402","6255","5751","unknown_642",2019-11-09,0,0,4,0,3,"yes"
"403","6238","5751","Ficus carica_673",2019-11-18,0,0,3,0,3,"yes"
"404","6265","5751","unknown_641",2019-11-06,0,0,5,0,3,"yes"
"405","5761","5751","None",2019-11-07,0,0,5,0,3,"yes"
"406","5778","5751","Ficus carica_673",2019-11-06,0,0.29,14,0,4,"yes"
"407","6246","5751","unknown_642",2019-11-10,0,0,10,0,3,"yes"
"408","5744","5751","Mulberry_350",2019-11-14,0,0,12,0,7,"yes"
"409","6027","5751","None",2019-11-08,0,0.33,3,0,4,"yes"
"410","6240","5751","None",2019-12-14,0,0,1,0,4,"yes"
"411","5703","5755","None",2019-04-10,0,1,1,0,5,"yes"
"412","5747","5755","Citrus_2",2019-04-13,0,1,1,0,4,"yes"
"413","5728","5755","Citrus_2",2019-04-10,0,1,1,0,2,"yes"
"414","5783","5755","Citrus_2",2019-04-10,0,0,1,0,2,"yes"
"415","5759","5755","Melia azedarach_359",2019-04-12,0,0.5,2,0,2,"yes"
"416","5734","5759","unknown_241",2019-04-13,0,0.67,3,0,7,"yes"
"417","5728","5759","unknown_241",2019-04-13,0,0.67,3,0,2,"yes"
"418","5764","5759","Citrus_5",2019-04-14,0,1,1,0,2,"yes"
"419","5727","5760","None",2019-05-28,0,0.33,3,0,10,"yes"
"420","5777","5760","Washingtonia_428",2019-06-03,0,0.67,3,0,3,"yes"
"421","6125","5760","None",2019-06-30,0,0,1,0,3,"yes"
"422","6123","5760","unknown_3311",2019-07-12,0,0,2,0,3,"yes"
"423","5737","5760","Mulberry_655",2019-06-28,0,0,2,0,5,"yes"
"424","5751","5761","None",2019-11-07,0.5,1,5,1,2,"yes"
"425","5745","5761","unknown_3242",2019-12-09,0,0.83,6,0,12,"yes"
"426","5770","5761","None",2019-11-07,0,0.75,4,0,4,"yes"
"427","6245","5761","None",2019-11-08,0.5,0,3,1,2,"yes"
"428","5771","5761","unknown_1432",2019-11-08,0.33,0.8,5,1,3,"yes"
"429","6181","5761","None",2019-11-10,0,0,1,0,8,"yes"
"430","5781","5761","None",2019-11-08,0,1,2,0,3,"yes"
"431","6263","5761","None",2019-11-09,0,0,2,0,3,"yes"
"432","6255","5761","None",2019-11-07,0.5,0.67,6,1,2,"yes"
"433","6238","5761","unknown_1435",2019-11-06,0,0.75,8,0,4,"yes"
"434","5667","5761","None",2019-12-06,0,0,1,0,9,"yes"
"435","6267","5761","unknown_3732",2019-11-10,0,0.25,4,0,7,"yes"
"436","6251","5761","unknown_1435",2019-11-14,0,0.12,8,0,10,"yes"
"437","6271","5761","unknown_642",2019-11-07,0,0.5,8,0,2,"yes"
"438","5778","5761","None",2019-11-07,0,0.5,4,0,6,"yes"
"439","6246","5761","Persimmon_8",2019-12-01,0.33,0.27,11,1,3,"yes"
"440","5744","5761","None",2019-11-11,0.2,0.57,7,1,5,"yes"
"441","6274","5761","unknown_1434",2019-11-08,0,1,1,0,4,"yes"
"442","5765","5762","None",2019-05-23,0,1,1,0,5,"yes"
"443","5727","5762","None",2019-05-30,0,0,1,0,5,"yes"
"444","5760","5762","Washingtonia_428",2019-05-23,0.5,0,2,1,2,"yes"
"445","5703","5763","None",2019-04-10,0,1,2,0,5,"yes"
"446","5747","5763","Citrus_2",2019-04-13,0,1,1,0,4,"yes"
"447","5728","5763","Citrus_2",2019-04-10,0,1,1,0,2,"yes"
"448","5783","5763","Citrus_2",2019-04-10,0,1,1,0,2,"yes"
"449","5734","5764","Citrus_5",2019-04-20,0,0,1,0,2,"yes"
"450","6125","5764","Ficus religiosa_19",2019-07-05,0,0.43,7,0,5,"yes"
"451","5742","5764","Ficus religiosa_20",2019-07-04,0,0,5,0,3,"yes"
"452","5751","5764","Ficus religiosa_19",2019-09-08,0,0.07,14,0,2,"yes"
"453","5599","5764","None",2019-09-25,0,0,3,0,7,"yes"
"454","6182","5764","None",2019-09-24,0,0,2,0,4,"yes"
"455","5743","5764","None",2019-09-23,0,0.33,3,0,3,"yes"
"456","5685","5764","None",2019-09-24,0,0.2,10,0,3,"yes"
"457","5727","5765","None",2019-05-28,0,0,3,0,10,"yes"
"458","6380","5767","Citrus_5",2020-02-13,0,1,1,0,2,"yes"
"459","6364","5767","Citrus_5",2020-02-15,0,0,1,0,5,"yes"
"460","6375","5767","Citrus_5",2020-02-14,0,0,1,0,3,"yes"
"461","6366","5767","Citrus_5",2020-02-16,0,0,1,0,2,"yes"
"462","6358","5767","Citrus_5",2020-02-13,0,1,1,0,4,"yes"
"463","5733","5769","Ficus carica_715",2019-04-04,0.14,0.5,6,1,7,"yes"
"464","5703","5769","Citrus_2",2019-03-28,0,0,3,0,11,"yes"
"465","5747","5769","Citrus_2",2019-03-27,0,1,1,0,2,"yes"
"466","5734","5769","Citrus_2",2019-03-27,0,0.67,3,0,2,"yes"
"467","5728","5769","Citrus_2",2019-03-27,0,0.5,2,0,2,"yes"
"468","5751","5770","None",2019-11-07,0,1,2,0,2,"yes"
"469","5745","5770","None",2019-11-07,0,1,2,0,10,"yes"
"470","6255","5770","None",2019-11-07,0,1,1,0,2,"yes"
"471","6265","5770","None",2019-11-08,0,0,3,0,2,"yes"
"472","5761","5770","None",2019-11-07,0,0.25,4,0,3,"yes"
"473","6251","5770","None",2019-12-02,0,0,2,0,5,"yes"
"474","6271","5770","None",2019-11-06,0,0.75,4,0,3,"yes"
"475","5778","5770","None",2019-11-07,0,0.5,2,0,6,"yes"
"476","5744","5770","None",2019-12-03,0,0,2,0,5,"yes"
"477","5751","5771","None",2019-11-06,0,1,2,0,2,"yes"
"478","5745","5771","None",2019-11-12,0,1,1,0,2,"yes"
"479","5749","5771","None",2019-11-07,0,1,1,0,2,"yes"
"480","6245","5771","None",2019-11-07,0.2,0,2,1,5,"yes"
"481","6181","5771","None",2019-11-07,0,0.5,2,0,3,"yes"
"482","5781","5771","unknown_1432",2019-11-07,0,1,2,0,3,"yes"
"483","6263","5771","None",2019-11-07,0,0.67,3,0,7,"yes"
"484","6266","5771","None",2019-11-12,0,0,1,0,2,"yes"
"485","6250","5771","None",2019-11-12,0,0,1,0,2,"yes"
"486","5667","5771","None",2019-12-06,0,0,1,0,9,"yes"
"487","6267","5771","None",2019-11-25,0,0,2,0,5,"yes"
"488","6265","5771","unknown_1433",2019-11-07,0,0.5,4,0,2,"yes"
"489","6271","5771","None",2019-11-18,0,0,3,0,4,"yes"
"490","5778","5771","None",2019-12-11,0,0,1,0,10,"yes"
"491","6246","5771","None",2019-11-07,0,0.33,3,0,5,"yes"
"492","5744","5771","None",2019-11-06,0,0.5,2,0,3,"yes"
"493","6274","5771","None",2019-11-08,0,0,1,0,4,"yes"
"494","5765","5777","Mulberry_655",2019-05-23,0,0.75,4,0,5,"yes"
"495","5727","5777","Mulberry_655",2019-05-30,0,0.4,5,0,5,"yes"
"496","5720","5777","Ficus religiosa_12",2019-06-26,0,0.5,2,0,7,"yes"
"497","6125","5777","None",2019-06-30,0,0,1,0,3,"yes"
"498","6123","5777","None",2019-07-12,0,0,1,0,3,"yes"
"499","5737","5777","Mulberry_655",2019-06-28,0,0,3,0,5,"yes"
"500","5751","5778","Ficus carica_673",2019-11-06,0,0.71,14,0,2,"yes"
"501","5770","5778","None",2019-11-07,0,0.5,2,0,4,"yes"
"502","6245","5778","None",2019-11-06,0,0.33,3,0,5,"yes"
"503","6026","5778","unknown_91",2019-11-13,0,0.75,4,0,6,"yes"
"504","6242","5778","Ficus carica_671",2019-11-06,0,0.8,5,0,6,"yes"
"505","5667","5778","unknown_91",2019-11-20,0,0.5,4,0,8,"yes"
"506","6265","5778","None",2019-11-06,0,0.86,7,0,3,"yes"
"507","5761","5778","None",2019-11-07,0,0.5,4,0,3,"yes"
"508","6251","5778","None",2019-11-28,0,0,1,0,2,"yes"
"509","6271","5778","Washingtonia_428",2019-12-07,0,0.5,8,0,2,"yes"
"510","6246","5778","Ficus carica_414",2019-11-14,0.29,0.56,9,2,7,"yes"
"511","5744","5778","None",2019-11-09,0,0.67,9,0,2,"yes"
"512","6027","5778","None",2019-11-08,0,0.67,3,0,4,"yes"
"513","6029","5778","unknown_91",2019-11-27,0,0.5,2,0,2,"yes"
"514","6260","5778","unknown_3311",2019-11-26,0,0,2,0,2,"yes"
"515","5704","5779","Citrus_2",2019-05-30,0,0,2,0,2,"yes"
"516","5727","5779","Ficus microcarpa_37",2019-06-09,0,0.33,3,0,3,"yes"
"517","5777","5779","None",2019-06-09,0.5,1,1,1,2,"yes"
"518","5703","5780","None",2019-03-26,0,0,2,0,3,"yes"
"519","5749","5781","Loquat_443",2019-11-06,0.09,0.5,4,1,11,"yes"
"520","5684","5781","Citrus_5",2019-11-07,0,0.8,5,0,3,"yes"
"521","6245","5781","None",2019-11-07,0.2,0,3,1,5,"yes"
"522","5771","5781","unknown_1432",2019-11-07,0,0,2,0,3,"yes"
"523","6258","5781","Ficus religiosa_12",2019-11-12,0,0.67,3,0,2,"yes"
"524","6181","5781","Ficus religiosa_12",2019-11-08,0.2,0.25,8,1,5,"yes"
"525","6263","5781","Ficus sycomorus_3",2019-11-07,0,0,1,0,7,"yes"
"526","6266","5781","None",2019-11-07,0,0,1,0,2,"yes"
"527","6250","5781","unknown_1431",2019-11-08,0,0.33,3,0,2,"yes"
"528","5735","5781","None",2019-11-20,0,0,1,0,6,"yes"
"529","6267","5781","Mulberry_288",2019-11-11,0,0.2,5,0,7,"yes"
"530","6271","5781","None",2019-11-17,0.5,0,2,1,2,"yes"
"531","6260","5781","None",2019-11-30,0,0,2,0,3,"yes"
"532","5703","5782","unknown_462",2019-03-28,0,0,2,0,11,"yes"
"533","5747","5782","Citrus_2",2019-03-27,0,0.5,2,0,2,"yes"
"534","5734","5782","Citrus_2",2019-03-27,0,0.75,4,0,2,"yes"
"535","5728","5782","Citrus_2",2019-03-27,0,1,2,0,2,"yes"
"536","5703","5783","None",2019-04-10,0,1,1,0,5,"yes"
"537","5747","5783","None",2019-04-10,0.5,1,1,1,2,"yes"
"538","5728","5783","Citrus_2",2019-04-10,0,1,2,0,2,"yes"
"539","5751","6026","None",2019-11-06,0,0.86,7,0,2,"yes"
"540","5745","6026","None",2019-11-06,0,0.4,5,0,11,"yes"
"541","5667","6026","None",2019-11-06,0,0.29,7,0,5,"yes"
"542","5761","6026","None",2019-12-08,0,0,1,0,5,"yes"
"543","5778","6026","unknown_91",2019-11-13,0.25,0.25,4,1,4,"yes"
"544","6246","6026","None",2019-11-14,0,0,3,0,7,"yes"
"545","5744","6026","None",2019-11-08,0,0.2,5,0,3,"yes"
"546","6027","6026","None",2019-11-08,0,0,1,0,4,"yes"
"547","5751","6027","None",2019-11-08,0,0.67,3,0,2,"yes"
"548","5745","6027","unknown_3242",2019-11-10,0,1,5,0,2,"yes"
"549","6247","6027","None",2019-11-07,0,0.5,2,0,2,"yes"
"550","6026","6027","None",2019-11-08,0,1,1,0,5,"yes"
"551","5667","6027","None",2019-11-08,0,0.5,2,0,6,"yes"
"552","6265","6027","None",2019-11-14,0,0,1,0,4,"yes"
"553","5761","6027","None",2019-12-09,0,0,1,0,3,"yes"
"554","6251","6027","None",2019-11-28,0,0,1,0,2,"yes"
"555","5778","6027","None",2019-11-08,0.17,0.33,3,1,6,"yes"
"556","5744","6027","None",2019-11-13,0,0,3,0,3,"yes"
"557","6029","6027","None",2019-11-13,0.2,0,2,1,5,"yes"
"558","5751","6029","None",2019-11-09,0,0.33,3,0,5,"yes"
"559","5745","6029","unknown_3242",2019-11-13,0,0.6,5,0,2,"yes"
"560","6026","6029","None",2019-11-09,0,1,3,0,2,"yes"
"561","5778","6029","unknown_91",2019-11-27,0,0.5,2,0,3,"yes"
"562","5744","6029","None",2019-11-09,0,0.5,6,0,2,"yes"
"563","5745","6039","None",2019-11-13,0,0,2,0,2,"yes"
"564","6247","6039","unknown_3241",2019-11-06,0,0,1,0,3,"yes"
"565","5667","6039","None",2019-11-06,0,0.5,2,0,5,"yes"
"566","5744","6039","None",2019-12-02,0,0,2,0,7,"yes"
"567","6029","6039","unknown_3241",2019-11-13,0,0,1,0,5,"yes"
"568","5764","6123","Ficus religiosa_20",2019-06-26,0,0.67,6,0,4,"yes"
"569","5739","6123","None",2019-07-12,0,1,1,0,4,"yes"
"570","6125","6123","unknown_92",2019-07-02,0.33,0.43,7,1,3,"yes"
"571","5737","6123","None",2019-07-12,0,1,1,0,7,"yes"
"572","5741","6125","None",2019-06-30,0,1,1,0,2,"yes"
"573","5749","6181","Loquat_443",2019-11-06,0.09,0.75,4,1,11,"yes"
"574","5684","6181","Melia azedarach_702",2019-11-07,0,0.5,6,0,3,"yes"
"575","6245","6181","None",2019-11-07,0,0.67,3,0,5,"yes"
"576","5771","6181","None",2019-11-07,0,0.5,2,0,3,"yes"
"577","6258","6181","Ficus religiosa_12",2019-11-12,0,0.67,3,0,2,"yes"
"578","5781","6181","Ficus religiosa_12",2019-11-08,0,0.75,8,0,3,"yes"
"579","6263","6181","Citrus_12",2019-11-07,0,0.67,3,0,7,"yes"
"580","5735","6181","Citrus_12",2019-11-07,0,0.5,2,0,2,"yes"
"581","6255","6181","None",2019-11-13,0.5,0,2,1,2,"yes"
"582","6238","6181","None",2019-11-10,0,0.5,2,0,2,"yes"
"583","6267","6181","Citrus_8",2019-11-10,0,1,1,0,7,"yes"
"584","6265","6181","None",2019-11-08,0,0.5,2,0,2,"yes"
"585","6271","6181","None",2019-11-17,0,0,5,0,2,"yes"
"586","6274","6181","Citrus_12",2019-11-10,0,0.5,2,0,3,"yes"
"587","5764","6182","None",2019-09-24,0,1,2,0,3,"yes"
"588","5599","6182","Ficus microcarpa_36",2019-09-23,0,0.75,4,0,7,"yes"
"589","5751","6238","Ficus carica_673",2019-11-18,0,1,3,0,2,"yes"
"590","5745","6238","None",2019-11-07,0,1,5,0,10,"yes"
"591","5770","6238","None",2019-11-07,0,0.67,3,0,4,"yes"
"592","6245","6238","None",2019-11-08,0.5,0,2,1,2,"yes"
"593","6181","6238","None",2019-11-10,0,0.5,2,0,8,"yes"
"594","6263","6238","None",2019-11-11,0,0.5,2,0,3,"yes"
"595","6266","6238","None",2019-11-07,0,0.67,3,0,2,"yes"
"596","5662","6238","None",2019-11-17,0,0,1,0,4,"yes"
"597","5667","6238","Ficus carica_796",2019-11-18,0,0,2,0,7,"yes"
"598","6267","6238","unknown_1434",2019-11-25,0,0.5,2,0,5,"yes"
"599","5761","6238","unknown_1435",2019-11-06,0,0.25,8,0,2,"yes"
"600","6251","6238","unknown_1435",2019-11-14,0,0.17,6,0,10,"yes"
"601","6271","6238","unknown_642",2019-11-07,0,0.25,8,0,2,"yes"
"602","5778","6238","None",2019-11-07,0,0.67,3,0,6,"yes"
"603","5744","6238","None",2019-11-08,0,0.2,5,0,3,"yes"
"604","6274","6238","unknown_1434",2019-11-08,0,0.5,2,0,4,"yes"
"605","5751","6240","None",2019-12-14,0,1,1,0,6,"yes"
"606","6265","6240","Washingtonia_434",2019-12-01,0,1,3,0,3,"yes"
"607","5761","6240","Washingtonia_436",2019-11-30,0.2,0,3,1,5,"yes"
"608","6251","6240","None",2019-12-02,0.2,0,2,1,5,"yes"
"609","6271","6240","Washingtonia_434",2019-11-29,0,0.75,4,0,3,"yes"
"610","5778","6240","None",2019-11-29,0,0.5,2,0,4,"yes"
"611","6246","6240","Persimmon_8",2019-11-30,0,0.4,5,0,2,"yes"
"612","5744","6240","None",2019-12-03,0,0,1,0,5,"yes"
"613","5751","6242","unknown_642",2019-11-09,0,1,3,0,5,"yes"
"614","5745","6242","None",2019-11-06,0,1,4,0,11,"yes"
"615","5770","6242","Palm_319",2019-11-07,0,0,2,0,4,"yes"
"616","6245","6242","None",2019-11-06,0,0,3,0,5,"yes"
"617","6247","6242","None",2019-11-12,0,0,1,0,4,"yes"
"618","6255","6242","unknown_642",2019-11-07,0.5,0.2,5,1,2,"yes"
"619","6265","6242","unknown_642",2019-11-11,0,0.25,4,0,2,"yes"
"620","5761","6242","unknown_641",2019-11-07,0,0,3,0,3,"yes"
"621","6271","6242","unknown_642",2019-11-06,0,0.6,5,0,3,"yes"
"622","5778","6242","Ficus carica_671",2019-11-06,0,0.2,5,0,4,"yes"
"623","6246","6242","unknown_1141",2019-11-11,0,0.14,7,0,4,"yes"
"624","6027","6242","unknown_1131",2019-11-07,0,1,2,0,5,"yes"
"625","5751","6245","unknown_642",2019-11-09,0,1,2,0,5,"yes"
"626","5745","6245","None",2019-11-08,0,1,2,0,2,"yes"
"627","5749","6245","None",2019-11-07,0,1,1,0,2,"yes"
"628","5770","6245","None",2019-11-09,0,1,1,0,4,"yes"
"629","5771","6245","None",2019-11-07,0,1,2,0,3,"yes"
"630","6181","6245","None",2019-11-07,0,0.33,3,0,3,"yes"
"631","5781","6245","None",2019-11-07,0,1,3,0,3,"yes"
"632","6263","6245","None",2019-11-07,0,1,1,0,7,"yes"
"633","6242","6245","None",2019-11-06,0,1,3,0,6,"yes"
"634","6250","6245","None",2019-11-08,0,0,1,0,2,"yes"
"635","6251","6245","None",2019-11-16,0,0,1,0,3,"yes"
"636","5778","6245","None",2019-11-06,0,0.67,3,0,4,"yes"
"637","6246","6245","Loquat_443",2019-11-07,0.2,0.25,4,1,5,"yes"
"638","5745","6246","unknown_3242",2020-01-01,0,0.82,11,0,3,"yes"
"639","5749","6246","Loquat_443",2019-11-06,0,1,2,0,11,"yes"
"640","5770","6246","None",2019-11-09,0,1,3,0,4,"yes"
"641","6245","6246","Loquat_443",2019-11-07,0,0.75,4,0,5,"yes"
"642","5771","6246","None",2019-11-07,0,0.67,3,0,3,"yes"
"643","6258","6246","Ziziphus spina-christi_85",2019-11-06,0,1,2,0,10,"yes"
"644","6181","6246","Loquat_443",2019-11-06,0,0.75,4,0,6,"yes"
"645","6026","6246","None",2019-11-14,0,1,3,0,4,"yes"
"646","5781","6246","Loquat_443",2019-11-06,0,0.67,3,0,6,"yes"
"647","6242","6246","unknown_1141",2019-11-11,0,0.86,7,0,4,"yes"
"648","6267","6246","None",2019-11-17,0.11,0.5,2,1,9,"yes"
"649","6265","6246","unknown_642",2019-11-11,0,0.83,12,0,2,"yes"
"650","5761","6246","Persimmon_8",2019-12-01,0,0.73,11,0,6,"yes"
"651","6251","6246","Melia azedarach_652",2019-12-02,0.2,0.8,5,1,5,"yes"
"652","5744","6246","unknown_463",2019-11-07,0,0.55,11,0,4,"yes"
"653","6027","6246","None",2019-11-09,0,1,3,0,5,"yes"
"654","6242","6247","None",2019-11-12,0,1,1,0,3,"yes"
"655","6238","6247","None",2019-11-18,0,0,1,0,3,"yes"
"656","5667","6247","None",2019-11-18,0,0,2,0,7,"yes"
"657","5761","6247","None",2019-12-09,0,0,1,0,3,"yes"
"658","5744","6247","None",2019-12-02,0,0,2,0,7,"yes"
"659","6027","6247","None",2019-11-07,0,0.5,2,0,5,"yes"
"660","6029","6247","None",2019-11-13,0,0,2,0,5,"yes"
"661","5684","6250","unknown_1431",2019-11-07,0,0.5,2,0,3,"yes"
"662","6245","6250","None",2019-11-08,0,1,1,0,2,"yes"
"663","5771","6250","None",2019-11-12,0,1,1,0,2,"yes"
"664","6181","6250","unknown_1431",2019-11-07,0,0.5,6,0,3,"yes"
"665","5781","6250","unknown_1431",2019-11-08,0,0.67,3,0,3,"yes"
"666","6263","6250","None",2019-11-08,0,0.5,2,0,2,"yes"
"667","5662","6250","None",2019-11-18,0,0,1,0,9,"yes"
"668","6271","6250","unknown_1431",2019-11-18,0,0,2,0,4,"yes"
"669","6260","6250","None",2019-11-30,0,0,2,0,3,"yes"
"670","5771","6251","None",2019-11-12,0.5,1,2,1,2,"yes"
"671","6258","6251","None",2019-11-08,0,0.75,4,0,7,"yes"
"672","6181","6251","None",2019-11-06,0,0.88,8,0,6,"yes"
"673","5781","6251","None",2019-11-06,0.17,0.83,6,1,6,"yes"
"674","6266","6251","None",2019-11-12,0,1,2,0,2,"yes"
"675","6250","6251","None",2019-11-10,0,0.5,2,0,4,"yes"
"676","6255","6251","None",2019-11-13,0,0.5,4,0,2,"yes"
"677","6238","6251","unknown_1435",2019-11-14,0.5,0.83,6,1,2,"yes"
"678","6267","6251","unknown_3732",2019-11-10,0,0.6,5,0,7,"yes"
"679","5761","6251","unknown_1435",2019-11-14,0,0.88,8,0,3,"yes"
"680","6271","6251","None",2019-11-18,0.25,0,5,1,4,"yes"
"681","5778","6251","None",2019-11-28,0,1,1,0,7,"yes"
"682","5744","6251","Melia azedarach_652",2019-12-03,0.2,0.5,4,1,5,"yes"
"683","6274","6251","None",2019-11-12,0,1,2,0,4,"yes"
"684","5751","6255","unknown_642",2019-11-09,0,1,4,0,5,"yes"
"685","5745","6255","None",2019-11-06,0,1,2,0,11,"yes"
"686","5770","6255","None",2019-11-07,0,0,1,0,4,"yes"
"687","6245","6255","Ficus carica_671",2019-11-06,0,0.33,3,0,5,"yes"
"688","6181","6255","None",2019-11-13,0,1,2,0,3,"yes"
"689","6263","6255","unknown_643",2019-11-10,0,0.67,3,0,7,"yes"
"690","6238","6255","None",2019-11-06,0.25,0.5,4,1,4,"yes"
"691","6265","6255","unknown_641",2019-11-06,0,0.17,6,0,3,"yes"
"692","5761","6255","None",2019-11-07,0,0.33,6,0,3,"yes"
"693","6251","6255","None",2019-11-13,0,0.5,4,0,3,"yes"
"694","6271","6255","unknown_642",2019-11-06,0,0.25,8,0,3,"yes"
"695","5778","6255","None",2019-11-06,0,0.4,5,0,4,"yes"
"696","6246","6255","unknown_642",2019-11-10,0,0,6,0,3,"yes"
"697","5744","6255","None",2019-11-28,0,1,1,0,2,"yes"
"698","6274","6255","None",2019-11-13,0,1,2,0,7,"yes"
"699","6240","6255","None",2019-12-14,0,0,2,0,4,"yes"
"700","6181","6258","Ficus religiosa_12",2019-11-12,0,0.33,3,0,2,"yes"
"701","5781","6258","Ficus religiosa_12",2019-11-12,0.33,0.33,3,1,3,"yes"
"702","5735","6258","Citrus_12",2019-11-06,0,1,1,0,3,"yes"
"703","6265","6258","None",2019-11-20,0,0,1,0,3,"yes"
"704","6251","6258","None",2019-11-08,0,0.25,4,0,3,"yes"
"705","6271","6258","None",2019-11-18,0,0,1,0,4,"yes"
"706","6274","6258","None",2019-11-09,0,0,1,0,5,"yes"
"707","6255","6260","None",2019-11-25,0,1,2,0,4,"yes"
"708","6238","6260","unknown_1434",2019-11-25,0.25,0.83,6,1,4,"yes"
"709","6267","6260","Citrus_8",2019-11-25,0,1,2,0,5,"yes"
"710","6271","6260","Washingtonia_430",2019-12-07,0,0.25,8,0,2,"yes"
"711","5744","6260","None",2019-12-03,0,0,3,0,5,"yes"
"712","6245","6263","None",2019-11-07,0,0,1,0,5,"yes"
"713","5771","6263","None",2019-11-07,0.33,0.33,3,1,3,"yes"
"714","6258","6263","Citrus_12",2019-11-06,0,0,1,0,10,"yes"
"715","6181","6263","Citrus_12",2019-11-07,0,0.33,3,0,3,"yes"
"716","5781","6263","Ficus sycomorus_3",2019-11-07,0,1,1,0,3,"yes"
"717","6250","6263","None",2019-11-08,0.5,0.5,2,1,2,"yes"
"718","5735","6263","Citrus_12",2019-11-06,0,0.33,3,0,3,"yes"
"719","5662","6263","None",2019-11-18,0,0,1,0,9,"yes"
"720","6251","6263","Citrus_8",2019-11-13,0.33,0,2,1,3,"yes"
"721","5778","6263","None",2019-12-09,0,0,1,0,8,"yes"
"722","6246","6263","Citrus_8",2019-11-17,0,0,2,0,4,"yes"
"723","6274","6263","Citrus_12",2019-11-09,0,0.5,4,0,5,"yes"
"724","5751","6265","unknown_641",2019-11-06,0,1,5,0,2,"yes"
"725","5745","6265","None",2019-11-06,0,1,4,0,11,"yes"
"726","5771","6265","unknown_1433",2019-11-07,0,0.5,4,0,3,"yes"
"727","6181","6265","None",2019-11-08,0,0.5,2,0,5,"yes"
"728","5781","6265","None",2019-11-16,0,1,2,0,6,"yes"
"729","6263","6265","None",2019-11-10,0,0.5,2,0,7,"yes"
"730","6242","6265","unknown_642",2019-11-11,0,0.75,4,0,4,"yes"
"731","6267","6265","None",2019-11-25,0,0.5,2,0,5,"yes"
"732","6251","6265","unknown_1433",2019-11-16,0.33,0.38,8,1,3,"yes"
"733","6271","6265","unknown_641",2019-11-06,0,0.6,10,0,3,"yes"
"734","5778","6265","None",2019-11-06,0,0.14,7,0,4,"yes"
"735","6246","6265","unknown_642",2019-11-11,0.5,0.17,12,2,4,"yes"
"736","5744","6265","Washingtonia_434",2019-12-03,0,0.4,5,0,5,"yes"
"737","6240","6265","Washingtonia_434",2019-12-01,0,0,3,0,2,"yes"
"738","5684","6266","Citrus_5",2019-11-07,0,1,1,0,3,"yes"
"739","5771","6266","None",2019-11-12,0.5,1,1,1,2,"yes"
"740","5781","6266","None",2019-11-07,0,1,1,0,3,"yes"
"741","6263","6266","Mulberry_661",2019-11-11,0,0.33,3,0,3,"yes"
"742","6265","6266","None",2019-12-15,0,0,1,0,4,"yes"
"743","5744","6266","None",2019-12-04,0,0,1,0,5,"yes"
"744","6274","6266","None",2019-11-12,0,1,1,0,4,"yes"
"745","6181","6267","Citrus_8",2019-11-10,0,0,1,0,8,"yes"
"746","5781","6267","Mulberry_288",2019-11-11,0,0.8,5,0,2,"yes"
"747","6263","6267","None",2019-11-09,0,0.67,3,0,3,"yes"
"748","6238","6267","unknown_1434",2019-11-25,0,0.5,2,0,4,"yes"
"749","6271","6267","unknown_1432",2019-11-26,0,0.5,4,0,2,"yes"
"750","6246","6267","None",2019-11-17,0,0.5,2,0,4,"yes"
"751","6274","6267","Citrus_8",2019-11-08,0,0.5,2,0,4,"yes"
"752","5751","6271","unknown_641",2019-11-09,0,1,4,0,5,"yes"
"753","5745","6271","None",2019-11-06,0,1,3,0,11,"yes"
"754","5770","6271","None",2019-11-06,0.4,0.25,4,2,5,"yes"
"755","6263","6271","None",2019-11-09,0.33,0.75,4,1,3,"yes"
"756","6242","6271","unknown_642",2019-11-06,0.33,0.4,5,2,6,"yes"
"757","6250","6271","unknown_1431",2019-11-18,0,1,2,0,2,"yes"
"758","6267","6271","unknown_1432",2019-11-26,0,0.5,4,0,2,"yes"
"759","6265","6271","unknown_641",2019-11-06,0,0.4,10,0,3,"yes"
"760","5761","6271","unknown_642",2019-11-07,0,0.5,8,0,3,"yes"
"761","6251","6271","None",2019-11-18,0,1,5,0,6,"yes"
"762","5778","6271","Washingtonia_428",2019-12-07,0,0.5,8,0,2,"yes"
"763","6246","6271","unknown_642",2019-11-11,0.5,0.27,11,2,4,"yes"
"764","5744","6271","None",2019-12-03,0,0.33,3,0,5,"yes"
"765","6260","6271","Washingtonia_430",2019-12-07,0,0.75,8,0,3,"yes"
"766","6380","6272","Citrus_5",2020-02-13,0,1,1,0,2,"yes"
"767","6364","6272","Citrus_5",2020-02-15,0,0,1,0,5,"yes"
"768","6375","6272","Citrus_5",2020-02-14,0,0,1,0,3,"yes"
"769","6366","6272","Citrus_5",2020-02-16,0,0,1,0,2,"yes"
"770","6358","6272","Citrus_5",2020-02-14,0,1,1,0,2,"yes"
"771","5771","6274","None",2019-11-08,0.33,1,1,1,3,"yes"
"772","6258","6274","None",2019-11-09,0,1,1,0,5,"yes"
"773","6181","6274","Citrus_12",2019-11-10,0,0.5,2,0,8,"yes"
"774","6263","6274","Citrus_12",2019-11-09,0,0.5,4,0,3,"yes"
"775","6266","6274","None",2019-11-12,0,0,1,0,2,"yes"
"776","6255","6274","None",2019-11-13,0,0,2,0,2,"yes"
"777","6267","6274","Citrus_8",2019-11-08,0,0.5,2,0,2,"yes"
"778","6265","6274","None",2019-12-15,0,0,1,0,4,"yes"
"779","6246","6274","None",2019-11-17,0,0,1,0,4,"yes"
"780","6272","6275","None",2020-02-18,0,1,6,0,5,"yes"
"781","6361","6275","None",2020-03-03,0,0,3,0,2,"yes"
"782","6340","6335","unknown_2631",2020-01-14,0.5,0,3,1,2,"yes"
"783","6338","6335","None",2020-01-16,0,1,1,0,10,"yes"
"784","6335","6338","None",2020-01-16,0,0,1,0,5,"yes"
"785","6335","6340","unknown_2631",2020-01-14,0,1,3,0,2,"yes"
"786","6380","6358","Citrus_5",2020-02-11,0,1,4,0,2,"yes"
"787","6364","6358","Citrus_5",2020-02-15,0,0,1,0,5,"yes"
"788","6272","6358","Citrus_5",2020-02-14,0,0,1,0,2,"yes"
"789","6361","6358","Citrus_5",2020-02-11,0,0.5,2,0,5,"yes"
"790","6380","6361","Citrus_5",2020-02-11,0,0.5,2,0,2,"yes"
"791","6364","6361","Citrus_5",2020-02-15,0,0,1,0,5,"yes"
"792","6375","6361","Citrus_5",2020-02-14,0,0,1,0,3,"yes"
"793","6366","6361","Citrus_5",2020-02-16,0,0.5,2,0,2,"yes"
"794","6275","6361","None",2020-03-03,0,1,3,0,7,"yes"
"795","6380","6363","Citrus_5",2020-02-11,0,1,2,0,2,"yes"
"796","6364","6363","Citrus_5",2020-02-15,0,0,1,0,5,"yes"
"797","6375","6363","Citrus_5",2020-02-14,0,0,1,0,3,"yes"
"798","6366","6363","Citrus_5",2020-02-16,0,0.33,3,0,2,"yes"
"799","6358","6363","Citrus_5",2020-02-13,0,0.4,5,0,4,"yes"
"800","6361","6363","Citrus_5",2020-02-11,0,0.75,4,0,5,"yes"
"801","6370","6364","unknown_2591",2020-02-11,0,0.67,3,0,3,"yes"
"802","6366","6364","unknown_2591",2020-02-11,0,0,3,0,4,"yes"
"803","6361","6364","Citrus_5",2020-02-15,0,1,1,0,2,"yes"
"804","5767","6364","Citrus_5",2020-02-15,0,1,1,0,2,"yes"
"805","6380","6365","Citrus_5",2020-02-11,0,1,2,0,2,"yes"
"806","6364","6365","Citrus_5",2020-02-15,0,0.5,2,0,5,"yes"
"807","6375","6365","Citrus_5",2020-02-14,0,0,1,0,3,"yes"
"808","6366","6365","Citrus_5",2020-02-16,0,0.5,4,0,2,"yes"
"809","6358","6365","Citrus_5",2020-02-13,0,0,7,0,4,"yes"
"810","6361","6365","Citrus_5",2020-02-11,0,1,1,0,5,"yes"
"811","6370","6366","unknown_2591",2020-02-11,0,0.75,4,0,3,"yes"
"812","6364","6366","unknown_2591",2020-02-11,0,1,3,0,8,"yes"
"813","6376","6366","unknown_2591",2020-02-12,0.5,0.4,5,1,2,"yes"
"814","5767","6366","Citrus_5",2020-02-16,0,1,1,0,3,"yes"
"815","6364","6370","unknown_2591",2020-02-11,0,0.33,3,0,8,"yes"
"816","6376","6370","unknown_2591",2020-02-12,0.5,0.25,4,1,2,"yes"
"817","6366","6370","unknown_2591",2020-02-11,0,0.25,4,0,4,"yes"
"818","6361","6370","Citrus_5",2020-02-15,0,1,1,0,2,"yes"
"819","5767","6370","Citrus_5",2020-02-15,0,1,1,0,2,"yes"
"820","6380","6371","Citrus_5",2020-02-11,0,1,1,0,2,"yes"
"821","6364","6371","Citrus_5",2020-02-15,0,0,1,0,5,"yes"
"822","6375","6371","Citrus_5",2020-02-14,0,0,1,0,3,"yes"
"823","6366","6371","Citrus_5",2020-02-16,0,0,1,0,2,"yes"
"824","6361","6371","Citrus_5",2020-02-11,0,1,1,0,5,"yes"
"825","6371","6372","Citrus_5",2020-02-17,0,1,1,0,5,"yes"
"826","6370","6375","unknown_2591",2020-02-11,0,0.67,3,0,3,"yes"
"827","6364","6375","unknown_2591",2020-02-11,0,0.67,3,0,8,"yes"
"828","6376","6375","unknown_2591",2020-02-12,0,0.67,3,0,2,"yes"
"829","6272","6375","Citrus_5",2020-02-14,0,1,1,0,2,"yes"
"830","6366","6375","unknown_2591",2020-02-11,0,0.67,3,0,4,"yes"
"831","6365","6375","Citrus_5",2020-02-14,0,1,1,0,3,"yes"
"832","6380","6376","Citrus_5",2020-02-13,0,1,1,0,2,"yes"
"833","6364","6376","Citrus_5",2020-02-15,0,0.67,3,0,5,"yes"
"834","6358","6376","Citrus_5",2020-02-13,0,0.33,3,0,4,"yes"
"835","6364","6380","None",2020-02-14,0.14,0,2,1,7,"yes"
"836","6375","6380","Citrus_5",2020-02-14,0,0,1,0,3,"yes"
"837","6366","6380","None",2020-02-16,0,0,2,0,2,"yes"
"838","6361","6380","Citrus_5",2020-02-11,0,0.5,2,0,5,"yes"
"839","6428","6403","Mulberry_655",2020-06-09,0,0.67,3,0,6,"yes"
"840","6593","6403","None",2020-06-13,0,1,1,0,4,"yes"
"841","6403","6428","Mulberry_655",2020-06-09,0,0.33,3,0,2,"yes"
"842","6646","6428","Mulberry_655",2020-06-17,0,0.33,3,0,3,"yes"
"843","6645","6428","Mulberry_655",2020-06-16,0,0,2,0,2,"yes"
"844","6653","6428","None",2020-06-16,0,0,1,0,3,"yes"
"845","6650","6428","Mulberry_655",2020-06-16,0,0,1,0,7,"yes"
"846","6651","6428","Mulberry_655",2020-06-16,0,0,2,0,2,"yes"
"847","6638","6428","Mulberry_655",2020-06-16,0,0,3,0,3,"yes"
"848","6644","6428","Mulberry_655",2020-06-16,0,0,1,0,4,"yes"
"849","6646","6591","None",2020-06-16,0,0.5,2,0,4,"yes"
"850","6651","6591","None",2020-06-18,0,0.33,3,0,2,"yes"
"851","6403","6593","None",2020-06-13,0,0,1,0,6,"yes"
"852","6645","6593","None",2020-06-20,0,0,1,0,6,"yes"
"853","6653","6593","None",2020-06-16,0,0,1,0,3,"yes"
"854","6651","6593","None",2020-06-16,0,0,1,0,2,"yes"
"855","6644","6593","None",2020-06-16,0,0,1,0,4,"yes"
"856","6827","6593","None",2020-07-23,0,1,1,0,3,"yes"
"857","6830","6593","None",2020-07-23,0,0.5,2,0,3,"yes"
"858","6638","6635","None",2020-06-19,0,0.33,3,0,4,"yes"
"859","6654","6635","None",2020-06-22,0,0,2,0,6,"yes"
"860","6650","6637","Mulberry_701",2020-06-22,0,1,1,0,2,"yes"
"861","6638","6637","Mulberry_701",2020-06-24,0,1,1,0,2,"yes"
"862","6644","6637","None",2020-06-23,0,1,1,0,5,"yes"
"863","6640","6637","None",2020-06-26,0.2,1,1,1,5,"yes"
"864","6654","6637","Mulberry_701",2020-06-23,0,0,1,0,3,"yes"
"865","6428","6638","Mulberry_655",2020-06-16,0,1,3,0,7,"yes"
"866","6593","6638","None",2020-07-23,0,0,1,0,2,"yes"
"867","6646","6638","Mulberry_655",2020-06-16,0,0.67,3,0,4,"yes"
"868","6648","6638","Mulberry_655",2020-06-17,0,0,1,0,2,"yes"
"869","6645","6638","Mulberry_655",2020-06-16,0,1,1,0,2,"yes"
"870","6650","6638","Mulberry_655",2020-06-16,0,0,2,0,7,"yes"
"871","6651","6638","Mulberry_655",2020-06-17,0,0,1,0,3,"yes"
"872","6652","6638","Mulberry_701",2020-06-23,0,0.5,2,0,4,"yes"
"873","6654","6638","Mulberry_655",2020-06-23,0,0,3,0,3,"yes"
"874","6428","6640","Mulberry_655",2020-06-19,0,1,1,0,2,"yes"
"875","6651","6640","None",2020-06-19,0,1,1,0,3,"yes"
"876","6638","6640","Mulberry_655",2020-06-19,0,1,1,0,4,"yes"
"877","6654","6640","None",2020-06-23,0,0,1,0,3,"yes"
"878","6646","6641","Mulberry_655",2020-06-16,0,0,1,0,4,"yes"
"879","6645","6641","Mulberry_655",2020-06-16,0,1,2,0,2,"yes"
"880","6650","6641","Mulberry_655",2020-06-17,0,1,1,0,6,"yes"
"881","6651","6641","Mulberry_655",2020-06-17,0,1,4,0,3,"yes"
"882","6638","6641","Mulberry_655",2020-06-16,0,1,1,0,3,"yes"
"883","6652","6641","Ficus carica_736",2020-06-24,0,0,1,0,4,"yes"
"884","6654","6641","None",2020-06-23,0,0,1,0,3,"yes"
"885","6428","6644","Mulberry_655",2020-06-16,0,1,1,0,7,"yes"
"886","6646","6644","Mulberry_655",2020-06-17,0,0,1,0,3,"yes"
"887","6645","6644","Mulberry_655",2020-06-16,0,1,1,0,2,"yes"
"888","6650","6644","Mulberry_655",2020-06-16,0,1,1,0,7,"yes"
"889","6651","6644","Mulberry_706",2020-06-16,0,0.33,9,0,2,"yes"
"890","6638","6644","Mulberry_655",2020-06-17,0,1,1,0,7,"yes"
"891","6652","6644","None",2020-06-24,0,0,1,0,4,"yes"
"892","6654","6644","Mulberry_655",2020-06-23,0,0,1,0,3,"yes"
"893","6428","6645","Mulberry_655",2020-06-16,0,1,2,0,7,"yes"
"894","6646","6645","Mulberry_655",2020-06-17,0,0,1,0,3,"yes"
"895","6650","6645","Mulberry_655",2020-06-16,0,0,1,0,7,"yes"
"896","6651","6645","Mulberry_655",2020-06-16,0,0.5,2,0,2,"yes"
"897","6635","6645","None",2020-06-17,0,0,1,0,3,"yes"
"898","6638","6645","Mulberry_655",2020-06-16,0,0,1,0,3,"yes"
"899","6644","6645","Mulberry_655",2020-06-16,0,0,1,0,4,"yes"
"900","6654","6645","Mulberry_655",2020-06-23,0,0,2,0,3,"yes"
"901","6650","6646","Mulberry_655",2020-06-17,0,1,1,0,6,"yes"
"902","6651","6646","Mulberry_655",2020-06-17,0.33,0.5,2,1,3,"yes"
"903","6638","6646","Mulberry_655",2020-06-16,0,0.33,3,0,3,"yes"
"904","6428","6648","Mulberry_655",2020-06-16,0,1,2,0,7,"yes"
"905","6646","6648","None",2020-06-16,0,0,1,0,4,"yes"
"906","6645","6648","Mulberry_655",2020-06-16,0,0.33,3,0,2,"yes"
"907","6653","6648","Washingtonia_428",2020-06-16,0,0,1,0,3,"yes"
"908","6641","6648","Mulberry_655",2020-06-18,0,0,1,0,2,"yes"
"909","6650","6648","Mulberry_655",2020-06-16,0,1,1,0,7,"yes"
"910","6651","6648","None",2020-06-16,0,0,1,0,2,"yes"
"911","6638","6648","Mulberry_655",2020-06-17,0,1,1,0,7,"yes"
"912","6644","6648","None",2020-06-16,0,0,1,0,4,"yes"
"913","6428","6650","Mulberry_655",2020-06-16,0,1,1,0,7,"yes"
"914","6646","6650","Mulberry_655",2020-06-17,0,0,1,0,3,"yes"
"915","6645","6650","Mulberry_655",2020-06-16,0,1,1,0,2,"yes"
"916","6651","6650","Mulberry_655",2020-06-16,0,0,1,0,2,"yes"
"917","6638","6650","Mulberry_655",2020-06-16,0,1,2,0,3,"yes"
"918","6644","6650","Mulberry_655",2020-06-16,0,0,1,0,4,"yes"
"919","6637","6650","Mulberry_701",2020-06-22,0,0,1,0,4,"yes"
"920","6654","6650","Mulberry_655",2020-06-23,0,0,3,0,3,"yes"
"921","6428","6651","Mulberry_655",2020-06-16,0,1,2,0,7,"yes"
"922","6646","6651","Mulberry_655",2020-06-17,0,0.5,2,0,3,"yes"
"923","6645","6651","Mulberry_655",2020-06-16,0,0.5,2,0,2,"yes"
"924","6650","6651","Mulberry_655",2020-06-16,0,1,1,0,7,"yes"
"925","6638","6651","Mulberry_655",2020-06-17,0,1,1,0,7,"yes"
"926","6644","6651","Mulberry_706",2020-06-16,0.25,0.67,9,1,4,"yes"
"927","6654","6651","Mulberry_655",2020-06-23,0,0,1,0,3,"yes"
"928","6641","6652","Ficus carica_736",2020-06-24,0,1,1,0,3,"yes"
"929","6650","6652","Mulberry_701",2020-06-22,0,1,1,0,2,"yes"
"930","6638","6652","Mulberry_701",2020-06-23,0,0.5,2,0,2,"yes"
"931","6637","6652","Mulberry_701",2020-06-22,0,1,2,0,4,"yes"
"932","6654","6652","Mulberry_701",2020-06-23,0,0,1,0,3,"yes"
"933","6428","6653","None",2020-06-16,0,1,1,0,7,"yes"
"934","6645","6653","Washingtonia_428",2020-06-20,0,0,1,0,6,"yes"
"935","6645","6654","Mulberry_655",2020-06-23,0,1,2,0,3,"yes"
"936","6641","6654","None",2020-06-23,0,1,1,0,2,"yes"
"937","6651","6654","Mulberry_655",2020-06-23,0,1,1,0,6,"yes"
"938","6635","6654","None",2020-06-22,0,1,2,0,3,"yes"
"939","6638","6654","Mulberry_655",2020-06-23,0,1,3,0,2,"yes"
"940","6644","6654","Mulberry_655",2020-06-23,0,1,1,0,5,"yes"
"941","6640","6654","None",2020-06-23,0.25,1,1,1,4,"yes"
"942","6652","6654","Mulberry_701",2020-06-23,0,1,1,0,4,"yes"
"943","7081","6807","Washingtonia_438",2020-11-18,0.2,1,3,1,5,"yes"
"944","7085","6807","Washingtonia_438",2020-11-18,0,1,8,0,4,"yes"
"945","6995","6807","None",2020-12-03,0,1,3,0,3,"yes"
"946","7003","6807","Ficus carica_354",2020-11-29,0,0.58,12,0,9,"yes"
"947","7010","6807","None",2021-01-01,0,0,3,0,4,"yes"
"948","7008","6807","None",2020-12-15,0,0.08,13,0,4,"yes"
"949","7015","6807","Ficus carica_805",2020-11-17,0,0.5,2,0,2,"yes"
"950","7012","6807","unknown_6091",2021-01-09,0,0,3,0,7,"yes"
"951","7016","6807","Ficus carica_805",2020-11-26,0,0.11,9,0,9,"yes"
"952","6996","6807","None",2020-12-17,0,0.33,3,0,3,"yes"
"953","6988","6807","Melia azedarach_685",2020-11-18,0,0.53,15,0,4,"yes"
"954","6993","6807","Washingtonia_438",2020-11-18,0,0.64,14,0,10,"yes"
"955","7021","6807","None",2020-12-15,0,0.29,7,0,4,"yes"
"956","6827","6822","None",2020-07-20,0,1,2,0,2,"yes"
"957","6832","6822","unknown_641",2020-07-20,0,1,1,0,2,"yes"
"958","6833","6823","None",2020-07-24,0,0,1,0,4,"yes"
"959","6824","6823","None",2020-07-20,0,1,1,0,3,"yes"
"960","6593","6824","None",2020-07-22,0.33,0.83,6,1,3,"yes"
"961","6835","6824","unknown_721",2020-07-20,0,1,2,0,4,"yes"
"962","6827","6824","None",2020-07-20,0,1,6,0,2,"yes"
"963","6834","6824","unknown_641",2020-07-22,0,1,6,0,2,"yes"
"964","6833","6824","unknown_641",2020-07-25,0,0.61,18,0,2,"yes"
"965","6822","6824","None",2020-07-22,0,1,2,0,2,"yes"
"966","6823","6824","None",2020-07-20,0,0,1,0,12,"yes"
"967","6829","6824","Ficus carica_673",2020-07-23,0,0.83,6,0,3,"yes"
"968","6976","6824","unknown_461",2020-09-28,0,0.35,23,0,2,"yes"
"969","6969","6824","Mulberry_385",2020-09-25,0.2,0.33,15,1,5,"yes"
"970","7081","6824","None",2020-11-20,0,0,2,0,5,"yes"
"971","6992","6824","unknown_5841",2020-12-17,0,0.27,11,0,2,"yes"
"972","7003","6824","None",2020-11-17,0,0,1,0,2,"yes"
"973","6989","6824","unknown_6091",2020-12-11,0.5,0.27,11,1,2,"yes"
"974","6990","6824","unknown_5842",2020-12-01,0.17,0.12,8,1,6,"yes"
"975","7010","6824","None",2020-11-18,0,0,5,0,7,"yes"
"976","7015","6824","unknown_6091",2020-12-10,0,0.5,6,0,4,"yes"
"977","7004","6824","unknown_5841",2020-12-01,0,0.29,7,0,2,"yes"
"978","7023","6824","unknown_3241",2020-12-06,0,0.14,7,0,2,"yes"
"979","7021","6824","unknown_6091",2020-12-17,0,0,2,0,4,"yes"
"980","6593","6827","None",2020-07-23,0,0,1,0,2,"yes"
"981","6832","6827","Ficus carica_673",2020-07-15,0,0,3,0,5,"yes"
"982","6833","6827","None",2020-07-15,0,0.2,5,0,11,"yes"
"983","6822","6827","None",2020-07-20,0,0,2,0,5,"yes"
"984","6823","6827","None",2020-07-22,0,1,1,0,3,"yes"
"985","6829","6827","None",2020-07-21,0,0,2,0,2,"yes"
"986","6824","6827","None",2020-07-20,0,0,6,0,3,"yes"
"987","6830","6827","None",2020-07-23,0,0,4,0,3,"yes"
"988","6833","6828","None",2020-07-22,0,0.75,4,0,4,"yes"
"989","6822","6828","None",2020-07-22,0,1,1,0,2,"yes"
"990","6829","6828","None",2020-07-20,0,0.33,3,0,5,"yes"
"991","6824","6828","None",2020-07-20,0,0.33,9,0,3,"yes"
"992","6830","6828","None",2020-07-23,0,0.14,7,0,3,"yes"
"993","6969","6828","None",2020-08-31,0,0.17,6,0,4,"yes"
"994","6827","6829","None",2020-07-21,0,1,2,0,3,"yes"
"995","6830","6829","Ficus carica_673",2020-07-25,0,0,2,0,6,"yes"
"996","6593","6830","None",2020-07-23,0,0.5,2,0,2,"yes"
"997","6827","6830","None",2020-07-23,0,1,4,0,3,"yes"
"998","6829","6830","Ficus carica_673",2020-07-25,0,1,2,0,2,"yes"
"999","6969","6830","None",2020-08-31,0,0.8,5,0,4,"yes"
"1000","7024","6830","None",2020-11-22,0,0,1,0,2,"yes"
"1001","6998","6830","unknown_5841",2020-12-05,0,0.2,5,0,3,"yes"
"1002","7017","6830","None",2020-11-24,0,0,5,0,3,"yes"
"1003","7003","6830","None",2020-11-17,0,0,1,0,2,"yes"
"1004","6990","6830","None",2020-11-18,0,0.14,7,0,6,"yes"
"1005","7014","6830","unknown_5841",2020-11-24,0,0.5,2,0,2,"yes"
"1006","7010","6830","unknown_5841",2020-12-16,0,0,3,0,2,"yes"
"1007","6991","6830","None",2020-11-19,0,0.29,7,0,3,"yes"
"1008","7012","6830","unknown_5841",2020-12-14,0,0.2,5,0,3,"yes"
"1009","7004","6830","unknown_5841",2020-11-26,0,0.2,5,0,3,"yes"
"1010","7023","6830","unknown_5841",2020-12-06,0,0.33,3,0,2,"yes"
"1011","7021","6830","None",2020-12-15,0,0.25,4,0,4,"yes"
"1012","6593","6832","None",2020-07-23,0,0.5,2,0,2,"yes"
"1013","6827","6832","Ficus carica_673",2020-07-15,0,1,3,0,4,"yes"
"1014","6834","6832","Ficus carica_673",2020-07-15,0,0.6,5,0,2,"yes"
"1015","6833","6832","None",2020-07-19,0,0.38,8,0,3,"yes"
"1016","6822","6832","unknown_641",2020-07-20,0,0,1,0,5,"yes"
"1017","6829","6832","Ficus carica_673",2020-07-21,0,0.4,5,0,2,"yes"
"1018","6974","6832","None",2020-08-28,0,0.5,2,0,2,"yes"
"1019","6969","6832","None",2020-08-31,0,0.2,5,0,4,"yes"
"1020","6827","6833","None",2020-07-15,0.25,0.8,5,1,4,"yes"
"1021","6822","6833","None",2020-07-20,0,0.5,2,0,5,"yes"
"1022","6829","6833","unknown_12",2020-07-20,0,0.25,4,0,5,"yes"
"1023","6976","6833","unknown_12",2020-08-25,0.08,0,13,1,12,"yes"
"1024","6969","6833","None",2020-08-31,0,0.25,4,0,4,"yes"
"1025","7024","6833","None",2020-11-21,0,0,2,0,5,"yes"
"1026","6998","6833","None",2020-12-05,0,0,1,0,3,"yes"
"1027","7017","6833","None",2020-11-24,0,0,5,0,3,"yes"
"1028","6992","6833","None",2020-11-17,0,0.3,10,0,2,"yes"
"1029","7003","6833","None",2020-11-17,0,0,2,0,2,"yes"
"1030","6990","6833","Washingtonia_425",2020-11-26,0,0.25,8,0,9,"yes"
"1031","7010","6833","None",2020-11-18,0,0,7,0,7,"yes"
"1032","7008","6833","None",2020-12-16,0,0,1,0,2,"yes"
"1033","7002","6833","None",2020-11-29,0,1,2,0,2,"yes"
"1034","6991","6833","None",2020-11-17,0,0.25,8,0,5,"yes"
"1035","7012","6833","None",2020-11-23,0,0,5,0,7,"yes"
"1036","6996","6833","None",2020-11-18,0,0.09,11,0,4,"yes"
"1037","7004","6833","unknown_5841",2020-11-29,0,0.5,6,0,2,"yes"
"1038","7021","6833","None",2020-12-15,0,0.33,3,0,4,"yes"
"1039","6832","6834","Ficus carica_673",2020-07-15,0,0.4,5,0,5,"yes"
"1040","6833","6834","unknown_12",2020-07-26,0.33,0.5,4,1,3,"yes"
"1041","6822","6834","unknown_641",2020-07-20,0,0,1,0,5,"yes"
"1042","6829","6834","Ficus carica_673",2020-07-21,0,0.5,4,0,2,"yes"
"1043","6830","6834","None",2020-07-25,0,0,4,0,6,"yes"
"1044","6824","6835","unknown_721",2020-07-20,0,0,2,0,3,"yes"
"1045","6828","6969","None",2020-08-31,0,0.83,6,0,6,"yes"
"1046","6832","6969","None",2020-08-31,0,0.8,5,0,2,"yes"
"1047","6824","6969","Mulberry_385",2020-09-25,0,0.67,15,0,2,"yes"
"1048","6974","6969","Ficus carica_414",2020-09-02,0,0.5,6,0,3,"yes"
"1049","6976","6969","None",2020-08-31,0,0.44,9,0,3,"yes"
"1050","6828","6974","None",2020-08-25,0,0.67,3,0,2,"yes"
"1051","6832","6974","None",2020-08-28,0,0.5,2,0,2,"yes"
"1052","6833","6974","None",2020-08-25,0,0.86,7,0,3,"yes"
"1053","6824","6974","None",2020-08-25,0,0.67,9,0,4,"yes"
"1054","6976","6974","None",2020-08-25,0,0.23,13,0,12,"yes"
"1055","6969","6974","Ficus carica_414",2020-09-02,0,0.5,6,0,2,"yes"
"1056","6832","6976","Carob_212",2020-08-28,0,0.5,6,0,2,"yes"
"1057","6833","6976","unknown_12",2020-08-25,0,1,13,0,3,"yes"
"1058","6824","6976","unknown_461",2020-09-28,0,0.65,23,0,3,"yes"
"1059","6969","6976","None",2020-08-31,0,0.56,9,0,4,"yes"
"1060","7079","6976","None",2020-11-21,0,0,1,0,3,"yes"
"1061","7081","6976","None",2020-11-20,0,0,2,0,5,"yes"
"1062","7085","6976","None",2020-11-24,0,0,1,0,5,"yes"
"1063","6995","6976","None",2020-11-20,0,0,2,0,3,"yes"
"1064","7024","6976","None",2020-11-21,0,0,2,0,5,"yes"
"1065","7017","6976","None",2020-11-17,0,0.1,10,0,5,"yes"
"1066","6992","6976","None",2020-11-17,0,0.2,5,0,2,"yes"
"1067","7003","6976","None",2020-11-17,0,0,3,0,2,"yes"
"1068","6989","6976","None",2020-11-21,0,0,8,0,3,"yes"
"1069","6990","6976","None",2020-11-19,0,0,7,0,2,"yes"
"1070","7010","6976","None",2020-11-17,0,0,8,0,9,"yes"
"1071","7002","6976","None",2020-12-06,0,0,1,0,2,"yes"
"1072","6991","6976","None",2020-11-17,0,0,7,0,5,"yes"
"1073","7015","6976","None",2020-11-17,0,0,6,0,2,"yes"
"1074","7012","6976","None",2021-01-05,0,0,2,0,4,"yes"
"1075","7016","6976","None",2020-11-20,0,0,3,0,5,"yes"
"1076","6996","6976","None",2020-11-18,0,0,13,0,4,"yes"
"1077","7004","6976","None",2020-11-19,0,0,4,0,7,"yes"
"1078","6993","6976","None",2020-11-18,0,0,1,0,10,"yes"
"1079","6833","6987","None",2020-12-24,0,1,3,0,4,"yes"
"1080","7079","6987","None",2020-11-21,0,0,1,0,3,"yes"
"1081","7085","6987","None",2020-11-17,0.5,0,3,1,2,"yes"
"1082","6995","6987","None",2020-11-21,0,0,1,0,7,"yes"
"1083","7003","6987","Washingtonia_254",2020-11-19,0.2,0.17,6,1,5,"yes"
"1084","6989","6987","None",2020-12-24,0.33,1,2,1,3,"yes"
"1085","7015","6987","None",2020-12-24,0.5,1,2,1,2,"yes"
"1086","7016","6987","None",2020-11-24,0,0,1,0,4,"yes"
"1087","6993","6987","None",2020-11-18,0,0,2,0,10,"yes"
"1088","7021","6987","None",2020-12-15,0,0.4,5,0,4,"yes"
"1089","6833","6988","None",2020-11-23,0,0.6,5,0,2,"yes"
"1090","6824","6988","None",2020-12-13,0,1,4,0,3,"yes"
"1091","6830","6988","None",2020-12-13,0,0.67,3,0,2,"yes"
"1092","6976","6988","None",2020-11-23,0,1,7,0,4,"yes"
"1093","7079","6988","unknown_1438",2020-11-20,0.14,0.4,5,1,7,"yes"
"1094","7081","6988","Melia azedarach_292",2020-11-19,0,0.5,4,0,7,"yes"
"1095","7085","6988","Melia azedarach_685",2020-11-18,0,0.88,8,0,4,"yes"
"1096","6995","6988","Melia azedarach_691",2020-11-20,0,1,1,0,3,"yes"
"1097","7017","6988","unknown_3311",2020-11-17,0,0.67,3,0,5,"yes"
"1098","7003","6988","None",2020-11-21,0,0.5,8,0,5,"yes"
"1099","6989","6988","unknown_3311",2020-11-23,0,0.8,5,0,5,"yes"
"1100","6990","6988","pecan_1",2020-12-10,0,0.5,6,0,2,"yes"
"1101","7010","6988","None",2020-11-22,0,0.4,5,0,4,"yes"
"1102","7008","6988","None",2020-12-28,0,0.4,10,0,8,"yes"
"1103","6807","6988","Melia azedarach_685",2020-11-18,0,0.47,15,0,4,"yes"
"1104","7015","6988","unknown_6091",2020-12-28,0,0.8,5,0,2,"yes"
"1105","7012","6988","None",2020-12-29,0,0.67,6,0,3,"yes"
"1106","7016","6988","unknown_1431",2020-11-23,0.12,0.38,8,1,8,"yes"
"1107","6993","6988","unknown_1431",2020-11-18,0,0.78,9,0,10,"yes"
"1108","7021","6988","Citrus_9",2021-01-21,0,0.67,3,0,3,"yes"
"1109","6824","6989","unknown_6091",2020-12-11,0,0.73,11,0,2,"yes"
"1110","6830","6989","None",2020-11-18,0,0.33,6,0,3,"yes"
"1111","6976","6989","None",2020-11-21,0,1,8,0,9,"yes"
"1112","7017","6989","None",2020-11-23,0,1,5,0,4,"yes"
"1113","6992","6989","None",2020-11-18,0,0.5,6,0,3,"yes"
"1114","7003","6989","None",2020-12-14,0,1,1,0,7,"yes"
"1115","6990","6989","None",2020-11-25,0,0.71,7,0,7,"yes"
"1116","7014","6989","unknown_5841",2020-11-25,0,0.6,5,0,3,"yes"
"1117","7010","6989","None",2020-11-20,0,0.2,5,0,3,"yes"
"1118","7008","6989","Mulberry_718",2020-12-17,0,1,5,0,2,"yes"
"1119","6991","6989","None",2020-11-24,0,0.33,6,0,4,"yes"
"1120","7015","6989","unknown_6091",2020-12-10,0,0.33,6,0,4,"yes"
"1121","7012","6989","None",2020-12-11,0,0.17,6,0,2,"yes"
"1122","7016","6989","None",2020-11-29,0,0.75,4,0,2,"yes"
"1123","6996","6989","unknown_6091",2020-12-15,0.17,0.44,16,1,6,"yes"
"1124","7004","6989","None",2020-11-18,0,0.6,10,0,4,"yes"
"1125","7023","6989","None",2020-11-25,0,0.67,3,0,5,"yes"
"1126","6993","6989","Mulberry_655",2020-12-17,0,0.5,2,0,5,"yes"
"1127","7021","6989","None",2020-12-15,0,0,4,0,4,"yes"
"1128","6833","6990","Washingtonia_425",2020-11-26,0,0.75,8,0,5,"yes"
"1129","6824","6990","unknown_5842",2020-12-01,0,0.88,8,0,2,"yes"
"1130","6830","6990","None",2020-11-18,0,0.86,7,0,3,"yes"
"1131","6992","6990","pecan_1",2020-12-10,0,0.88,8,0,2,"yes"
"1132","7003","6990","None",2020-12-16,0,1,2,0,6,"yes"
"1133","6989","6990","None",2020-11-25,0,0.29,7,0,3,"yes"
"1134","7010","6990","unknown_5842",2021-01-02,0,0,3,0,3,"yes"
"1135","7008","6990","Mulberry_716",2020-12-16,0,0,2,0,2,"yes"
"1136","6991","6990","unknown_5842",2020-11-25,0,0.4,5,0,4,"yes"
"1137","7015","6990","None",2020-11-19,0,0.57,7,0,2,"yes"
"1138","7012","6990","None",2021-01-05,0,0,4,0,4,"yes"
"1139","7016","6990","Ficus carica_794",2020-12-16,0.14,1,3,1,7,"yes"
"1140","7004","6990","None",2020-11-19,0,0.4,5,0,7,"yes"
"1141","6993","6990","None",2020-12-16,0,1,1,0,9,"yes"
"1142","7021","6990","None",2020-12-16,0,0.75,4,0,2,"yes"
"1143","6833","6991","None",2020-11-17,0,0.75,8,0,2,"yes"
"1144","6824","6991","unknown_5842",2020-12-11,0,0.67,9,0,2,"yes"
"1145","6830","6991","None",2020-11-19,0,0.71,7,0,2,"yes"
"1146","6976","6991","None",2020-11-17,0,1,7,0,3,"yes"
"1147","6992","6991","None",2020-11-19,0,1,6,0,9,"yes"
"1148","7003","6991","None",2020-11-19,0,1,1,0,5,"yes"
"1149","6989","6991","None",2020-11-24,0,0.67,6,0,3,"yes"
"1150","6990","6991","unknown_5842",2020-11-25,0,0.6,5,0,7,"yes"
"1151","7010","6991","Washingtonia_425",2020-12-17,0,0.57,7,0,3,"yes"
"1152","7012","6991","None",2020-12-11,0,0.5,4,0,2,"yes"
"1153","6996","6991","None",2020-11-18,0.25,0.43,7,1,4,"yes"
"1154","6993","6991","None",2020-11-26,0,0,1,0,9,"yes"
"1155","7021","6991","None",2020-12-15,0,0,3,0,4,"yes"
"1156","6833","6992","None",2020-11-17,0,0.7,10,0,2,"yes"
"1157","6824","6992","unknown_5841",2020-12-17,0.33,0.73,11,1,3,"yes"
"1158","6976","6992","None",2020-11-17,0,0.8,5,0,3,"yes"
"1159","7081","6992","None",2020-11-20,0,0,1,0,5,"yes"
"1160","7024","6992","None",2020-11-22,0,0,2,0,2,"yes"
"1161","6998","6992","None",2020-11-18,0.2,0.5,2,1,5,"yes"
"1162","7017","6992","None",2020-11-24,0,0.29,7,0,3,"yes"
"1163","7003","6992","None",2020-11-17,0,1,1,0,2,"yes"
"1164","6990","6992","pecan_1",2020-12-10,0,0.12,8,0,2,"yes"
"1165","7010","6992","None",2020-11-18,0,0,4,0,7,"yes"
"1166","6991","6992","None",2020-11-19,0,0,6,0,3,"yes"
"1167","7015","6992","unknown_6091",2020-11-28,0,0.25,8,0,6,"yes"
"1168","7012","6992","unknown_5841",2020-12-11,0,0,5,0,2,"yes"
"1169","6996","6992","unknown_642",2020-11-17,0.5,0.2,10,1,2,"yes"
"1170","7021","6992","None",2020-12-15,0,0,4,0,4,"yes"
"1171","6987","6993","None",2020-11-18,0,1,2,0,8,"yes"
"1172","7081","6993","Washingtonia_438",2020-11-18,0.2,1,5,1,5,"yes"
"1173","7085","6993","Washingtonia_438",2020-11-18,0,0.9,10,0,4,"yes"
"1174","6995","6993","Mulberry_708",2020-11-29,0,0.92,13,0,3,"yes"
"1175","7024","6993","Citrus_6",2020-11-28,0,0.75,4,0,7,"yes"
"1176","7003","6993","Ficus carica_643",2020-12-14,0.14,0.47,15,1,7,"yes"
"1177","6989","6993","Mulberry_655",2020-12-17,0,0.5,2,0,9,"yes"
"1178","7010","6993","Melia azedarach_192",2020-12-06,0,0.58,12,0,4,"yes"
"1179","7008","6993","None",2020-11-18,0,0.29,17,0,4,"yes"
"1180","6807","6993","Washingtonia_438",2020-11-18,0,0.36,14,0,4,"yes"
"1181","6991","6993","None",2020-11-26,0,1,1,0,4,"yes"
"1182","7015","6993","None",2020-11-20,0,1,1,0,7,"yes"
"1183","7012","6993","None",2020-11-20,0,0.53,15,0,6,"yes"
"1184","6996","6993","Citrus_5",2021-01-10,0,0.29,7,0,4,"yes"
"1185","6988","6993","unknown_1431",2020-11-18,0,0.22,9,0,4,"yes"
"1186","7004","6993","None",2020-11-18,0.25,0.75,4,1,4,"yes"
"1187","7021","6993","None",2020-12-16,0,0,2,0,2,"yes"
"1188","6833","6995","None",2020-12-04,0,1,1,0,2,"yes"
"1189","6976","6995","None",2020-11-20,0,1,2,0,3,"yes"
"1190","6992","6995","None",2020-12-04,0,1,2,0,2,"yes"
"1191","7003","6995","Mulberry_121",2020-12-04,0,0.29,7,0,2,"yes"
"1192","7010","6995","Melia azedarach_192",2020-11-17,0.11,0.33,12,1,9,"yes"
"1193","7008","6995","None",2020-11-20,0,0.33,3,0,2,"yes"
"1194","6807","6995","None",2020-12-03,0,0,3,0,3,"yes"
"1195","7015","6995","None",2020-11-17,0,0.17,6,0,2,"yes"
"1196","7012","6995","None",2020-11-20,0,0.14,7,0,6,"yes"
"1197","6993","6995","Mulberry_708",2020-11-29,0,0.08,13,0,2,"yes"
"1198","6833","6996","None",2020-11-18,0,0.91,11,0,3,"yes"
"1199","6824","6996","1",2020-12-13,0,0.88,16,0,3,"yes"
"1200","6995","6996","None",2020-11-19,0,0.5,4,0,10,"yes"
"1201","6998","6996","None",2020-11-22,0,1,3,0,4,"yes"
"1202","6992","6996","unknown_642",2020-11-17,0,0.8,10,0,2,"yes"
"1203","7003","6996","None",2020-11-18,0,1,4,0,6,"yes"
"1204","6990","6996","unknown_642",2020-11-19,0,0.43,7,0,2,"yes"
"1205","7014","6996","unknown_6041",2020-11-28,0,1,4,0,3,"yes"
"1206","7010","6996","None",2020-11-18,0,0.5,8,0,7,"yes"
"1207","7008","6996","Ficus carica_737",2020-12-16,0,0.6,10,0,2,"yes"
"1208","6807","6996","None",2020-12-17,0,0.67,3,0,5,"yes"
"1209","6991","6996","None",2020-11-18,0.5,0.57,7,1,2,"yes"
"1210","7015","6996","unknown_642",2020-11-19,0,0.43,7,0,2,"yes"
"1211","7012","6996","Citrus_9",2021-01-05,0,0.42,12,0,4,"yes"
"1212","6993","6996","Citrus_5",2021-01-10,0,0.71,7,0,3,"yes"
"1213","7021","6996","Citrus_9",2021-01-02,0,0.2,5,0,4,"yes"
"1214","6824","6998","None",2020-11-17,0,1,3,0,4,"yes"
"1215","6830","6998","unknown_5841",2020-12-05,0,0.8,5,0,2,"yes"
"1216","6976","6998","None",2020-11-17,0,1,5,0,3,"yes"
"1217","7081","6998","None",2020-11-20,0,0,1,0,5,"yes"
"1218","6992","6998","None",2020-11-18,0,0.5,2,0,3,"yes"
"1219","6989","6998","unknown_5841",2020-12-06,0.2,0.4,5,1,5,"yes"
"1220","7010","6998","None",2020-12-08,0,0,1,0,5,"yes"
"1221","7002","6998","None",2020-12-05,0,1,1,0,3,"yes"
"1222","6991","6998","None",2020-12-12,0,0,1,0,5,"yes"
"1223","7015","6998","None",2020-12-05,0,1,1,0,4,"yes"
"1224","7012","6998","None",2020-12-11,0,0,1,0,2,"yes"
"1225","6996","6998","None",2020-11-22,0,0,3,0,3,"yes"
"1226","7023","6998","unknown_5841",2020-12-06,0,0,3,0,2,"yes"
"1227","6833","7002","None",2020-11-29,0,0,2,0,4,"yes"
"1228","6824","7002","unknown_5841",2020-12-01,0,0.4,5,0,2,"yes"
"1229","6998","7002","None",2020-12-05,0,0,1,0,3,"yes"
"1230","6992","7002","None",2020-11-20,0,0.75,4,0,2,"yes"
"1231","6989","7002","None",2020-11-20,0,0.5,4,0,6,"yes"
"1232","6990","7002","None",2020-11-20,0,0.5,2,0,3,"yes"
"1233","7014","7002","unknown_5841",2020-11-25,0,0,2,0,3,"yes"
"1234","7010","7002","None",2020-11-18,0,0,3,0,7,"yes"
"1235","6991","7002","None",2020-11-24,0,0,3,0,4,"yes"
"1236","7012","7002","None",2020-12-11,0,0,3,0,2,"yes"
"1237","6996","7002","None",2020-11-20,0,0.5,4,0,6,"yes"
"1238","7004","7002","unknown_5841",2020-11-26,0.33,0,3,1,3,"yes"
"1239","7023","7002","None",2020-12-06,0,0,1,0,2,"yes"
"1240","7021","7002","None",2020-12-19,0,0,1,0,3,"yes"
"1241","6833","7003","None",2020-11-17,0,1,2,0,2,"yes"
"1242","6824","7003","None",2020-11-17,0,1,1,0,4,"yes"
"1243","6976","7003","None",2020-11-17,0,1,3,0,3,"yes"
"1244","6987","7003","Washingtonia_254",2020-11-19,0,0.83,6,0,8,"yes"
"1245","7085","7003","None",2020-11-20,0,1,5,0,3,"yes"
"1246","6992","7003","None",2020-11-17,0,0,1,0,2,"yes"
"1247","6989","7003","None",2020-12-14,0,0,1,0,4,"yes"
"1248","7014","7003","None",2020-11-19,0.2,0.75,4,1,5,"yes"
"1249","7010","7003","None",2020-11-17,0.11,0.5,8,1,9,"yes"
"1250","6991","7003","None",2020-11-19,0,0,1,0,3,"yes"
"1251","7015","7003","unknown_1433",2020-11-19,0,0.17,6,0,2,"yes"
"1252","7012","7003","None",2020-12-29,0,0,4,0,3,"yes"
"1253","7016","7003","Washingtonia_433",2020-11-18,0,0.6,15,0,4,"yes"
"1254","6996","7003","None",2020-11-18,0,0,4,0,4,"yes"
"1255","6988","7003","None",2020-11-21,0,0.5,8,0,3,"yes"
"1256","6993","7003","Ficus carica_643",2020-12-14,0,0.53,15,0,4,"yes"
"1257","7021","7003","None",2020-12-16,0,0,3,0,2,"yes"
"1258","6833","7004","unknown_5841",2020-11-29,0,0.5,6,0,4,"yes"
"1259","6824","7004","unknown_5841",2020-12-01,0,0.71,7,0,2,"yes"
"1260","7079","7004","None",2020-11-20,0,0,1,0,7,"yes"
"1261","7081","7004","None",2020-11-20,0,0,2,0,5,"yes"
"1262","7085","7004","None",2020-11-19,0,1,1,0,7,"yes"
"1263","6995","7004","None",2020-11-20,0,0.5,2,0,3,"yes"
"1264","7024","7004","None",2020-11-22,0,0,1,0,2,"yes"
"1265","6998","7004","unknown_5841",2020-12-05,0,0.5,2,0,3,"yes"
"1266","7003","7004","None",2020-11-30,0,0,2,0,2,"yes"
"1267","6990","7004","None",2020-11-19,0,0.6,5,0,2,"yes"
"1268","7014","7004","unknown_5841",2020-11-26,0,0.33,3,0,2,"yes"
"1269","7010","7004","unknown_4131",2020-11-22,0,0,7,0,4,"yes"
"1270","7008","7004","None",2020-11-21,0,0,6,0,2,"yes"
"1271","6807","7004","None",2020-12-03,0,0,4,0,3,"yes"
"1272","6991","7004","None",2020-11-24,0,0.17,6,0,4,"yes"
"1273","7015","7004","unknown_5841",2020-11-26,0,0.71,7,0,2,"yes"
"1274","7012","7004","None",2020-12-11,0,0,4,0,2,"yes"
"1275","7016","7004","None",2020-11-23,0,0,6,0,8,"yes"
"1276","6993","7004","None",2020-11-18,0,0.25,4,0,10,"yes"
"1277","6833","7008","None",2020-12-16,0,1,1,0,4,"yes"
"1278","6824","7008","unknown_3241",2020-12-07,0,1,3,0,5,"yes"
"1279","6976","7008","None",2020-11-17,0,1,5,0,3,"yes"
"1280","7088","7008","None",2020-11-21,0,1,2,0,4,"yes"
"1281","6995","7008","None",2020-11-20,0,0.67,3,0,3,"yes"
"1282","7024","7008","None",2020-11-24,0,0,1,0,3,"yes"
"1283","6992","7008","None",2020-12-07,0,1,1,0,2,"yes"
"1284","7003","7008","None",2020-11-19,0,0.73,11,0,5,"yes"
"1285","6989","7008","Mulberry_718",2020-12-17,0,0,5,0,9,"yes"
"1286","7010","7008","Melia azedarach_546",2021-01-01,0,0.57,7,0,4,"yes"
"1287","6807","7008","None",2020-12-15,0,0.92,13,0,8,"yes"
"1288","6991","7008","None",2020-11-17,0,0,1,0,5,"yes"
"1289","7015","7008","None",2020-11-19,0,0,2,0,2,"yes"
"1290","7012","7008","None",2020-12-11,0,0.4,5,0,2,"yes"
"1291","7016","7008","None",2020-11-20,0,0.5,10,0,5,"yes"
"1292","6996","7008","Ficus carica_737",2020-12-16,0,0.4,10,0,8,"yes"
"1293","7023","7008","None",2020-11-21,0,1,2,0,3,"yes"
"1294","6993","7008","None",2020-11-18,0,0.71,17,0,10,"yes"
"1295","6833","7010","None",2020-11-18,0,1,7,0,3,"yes"
"1296","6824","7010","None",2020-11-18,0,1,5,0,2,"yes"
"1297","6830","7010","unknown_5841",2020-12-16,0,1,3,0,5,"yes"
"1298","6976","7010","None",2020-11-17,0,1,8,0,3,"yes"
"1299","7085","7010","None",2020-11-17,0,0.5,2,0,2,"yes"
"1300","6995","7010","Melia azedarach_192",2020-11-17,0,0.67,12,0,3,"yes"
"1301","6992","7010","None",2020-11-18,0.33,1,4,1,3,"yes"
"1302","7003","7010","None",2020-11-17,0,0.5,8,0,2,"yes"
"1303","6989","7010","None",2020-11-20,0,0.8,5,0,6,"yes"
"1304","7008","7010","Melia azedarach_546",2021-01-01,0.14,0.43,7,1,7,"yes"
"1305","6807","7010","None",2021-01-01,0,1,3,0,5,"yes"
"1306","6991","7010","Washingtonia_425",2020-12-17,0,0.43,7,0,4,"yes"
"1307","7012","7010","None",2020-11-24,0,0.36,11,0,10,"yes"
"1308","7016","7010","None",2020-11-23,0.12,0.4,5,1,8,"yes"
"1309","6996","7010","None",2020-11-18,0,0.5,8,0,4,"yes"
"1310","6988","7010","None",2020-11-22,0.25,0.6,5,1,4,"yes"
"1311","7004","7010","unknown_4131",2020-11-22,0,1,7,0,2,"yes"
"1312","7023","7010","None",2020-12-08,0,1,1,0,2,"yes"
"1313","6993","7010","Melia azedarach_192",2020-12-06,0,0.42,12,0,3,"yes"
"1314","6833","7012","None",2020-11-23,0,1,5,0,2,"yes"
"1315","6824","7012","unknown_5841",2020-12-19,0,1,5,0,5,"yes"
"1316","6830","7012","unknown_5841",2020-12-14,0,0.8,5,0,2,"yes"
"1317","6995","7012","None",2020-11-20,0,0.86,7,0,3,"yes"
"1318","6989","7012","None",2020-12-11,0,0.83,6,0,2,"yes"
"1319","7010","7012","None",2020-11-24,0,0.64,11,0,3,"yes"
"1320","7015","7012","None",2020-11-25,0,0.71,7,0,10,"yes"
"1321","7023","7012","None",2020-12-11,0.25,1,2,1,4,"yes"
"1322","6993","7012","None",2020-11-20,0,0.47,15,0,3,"yes"
"1323","7021","7012","Citrus_9",2021-01-05,0,0.5,4,0,2,"yes"
"1324","6833","7014","unknown_5841",2020-11-29,0,0,1,0,4,"yes"
"1325","6824","7014","unknown_6041",2020-12-10,0,0.5,4,0,3,"yes"
"1326","6976","7014","None",2020-11-20,0,1,2,0,3,"yes"
"1327","7081","7014","unknown_3242",2020-11-20,0.2,0.67,3,1,5,"yes"
"1328","6992","7014","None",2020-11-20,0,0.5,2,0,2,"yes"
"1329","7003","7014","None",2020-11-19,0,0.25,4,0,5,"yes"
"1330","6989","7014","unknown_5841",2020-11-25,0,0.4,5,0,3,"yes"
"1331","7010","7014","None",2020-11-18,0,0.5,2,0,7,"yes"
"1332","7008","7014","unknown_1435",2020-11-18,0,0.25,4,0,4,"yes"
"1333","7002","7014","unknown_5841",2020-11-25,0,1,2,0,2,"yes"
"1334","6991","7014","None",2020-12-06,0,0,2,0,5,"yes"
"1335","7016","7014","None",2020-12-16,0,1,1,0,7,"yes"
"1336","6996","7014","unknown_6041",2020-11-28,0,0,4,0,6,"yes"
"1337","7004","7014","unknown_5841",2020-11-26,0,0.67,3,0,3,"yes"
"1338","7023","7014","None",2020-11-20,0.25,0.33,3,1,4,"yes"
"1339","6993","7014","None",2020-12-17,0,0,1,0,5,"yes"
"1340","7021","7014","None",2020-12-19,0,0,1,0,3,"yes"
"1341","6833","7015","Washingtonia_428",2020-12-17,0.33,0.67,9,1,3,"yes"
"1342","6824","7015","unknown_6091",2020-12-10,0,0.5,6,0,3,"yes"
"1343","6976","7015","None",2020-11-17,0,1,6,0,3,"yes"
"1344","7081","7015","None",2020-11-19,0,1,1,0,7,"yes"
"1345","6995","7015","None",2020-11-17,0,0.83,6,0,3,"yes"
"1346","6998","7015","None",2020-12-05,0,0,1,0,3,"yes"
"1347","7003","7015","unknown_1435",2020-11-19,0,0.83,6,0,5,"yes"
"1348","6989","7015","unknown_6091",2020-12-10,0,0.67,6,0,6,"yes"
"1349","6990","7015","None",2020-11-19,0,0.43,7,0,2,"yes"
"1350","7014","7015","unknown_5841",2020-11-24,0,0.67,3,0,2,"yes"
"1351","6807","7015","Ficus carica_805",2020-11-17,0,0.5,2,0,8,"yes"
"1352","7012","7015","None",2020-11-25,0,0.29,7,0,5,"yes"
"1353","7016","7015","Mulberry_706",2020-11-19,0.5,0.6,5,1,2,"yes"
"1354","7004","7015","unknown_5841",2020-11-26,0.33,0.29,7,1,3,"yes"
"1355","7023","7015","None",2020-12-06,0,0,1,0,2,"yes"
"1356","6993","7015","None",2020-11-20,0,0,1,0,3,"yes"
"1357","6976","7016","None",2020-11-20,0,1,3,0,3,"yes"
"1358","6987","7016","None",2020-11-24,0,1,1,0,7,"yes"
"1359","7085","7016","None",2020-11-23,0,0.8,5,0,3,"yes"
"1360","6995","7016","Mulberry_706",2020-11-17,0,0.67,9,0,3,"yes"
"1361","7003","7016","Washingtonia_433",2020-11-18,0,0.4,15,0,6,"yes"
"1362","7010","7016","None",2020-11-23,0,0.6,5,0,6,"yes"
"1363","7008","7016","None",2020-11-20,0,0.5,10,0,2,"yes"
"1364","7015","7016","Mulberry_706",2020-11-19,0,0.4,5,0,2,"yes"
"1365","7012","7016","Citrus_5",2021-01-08,0,0.25,4,0,5,"yes"
"1366","6993","7016","Melia azedarach_681",2021-01-09,0.33,0.67,15,1,3,"yes"
"1367","7021","7016","Mulberry_706",2020-12-16,0,0,4,0,2,"yes"
"1368","6833","7017","None",2020-11-24,0,1,5,0,4,"yes"
"1369","6824","7017","None",2020-11-18,0,1,13,0,2,"yes"
"1370","6976","7017","None",2020-11-17,0,0.9,10,0,3,"yes"
"1371","6992","7017","None",2020-11-24,0,0.71,7,0,3,"yes"
"1372","7003","7017","None",2020-12-02,0,1,1,0,3,"yes"
"1373","6989","7017","None",2020-11-23,0,0,5,0,5,"yes"
"1374","6990","7017","None",2020-11-18,0,0.5,4,0,6,"yes"
"1375","7014","7017","None",2020-12-20,0,1,2,0,3,"yes"
"1376","7010","7017","None",2020-12-02,0,0.67,3,0,5,"yes"
"1377","7008","7017","None",2020-11-21,0,0.5,4,0,2,"yes"
"1378","7012","7017","None",2021-01-05,0,0,2,0,4,"yes"
"1379","6833","7021","None",2020-12-15,0,0.67,3,0,8,"yes"
"1380","6824","7021","unknown_6091",2020-12-17,0,1,2,0,3,"yes"
"1381","6987","7021","None",2020-12-15,0,0.6,5,0,3,"yes"
"1382","7017","7021","None",2020-12-18,0,1,1,0,2,"yes"
"1383","7003","7021","None",2020-12-16,0,1,3,0,6,"yes"
"1384","7014","7021","None",2020-12-19,0,1,1,0,2,"yes"
"1385","7010","7021","Mango_72",2020-12-29,0,1,2,0,2,"yes"
"1386","6807","7021","None",2020-12-15,0,0.71,7,0,8,"yes"
"1387","6991","7021","None",2020-12-15,0,1,3,0,6,"yes"
"1388","7015","7021","Citrus_9",2021-01-03,0,0.67,6,0,4,"yes"
"1389","7012","7021","Citrus_9",2021-01-05,0,0.5,4,0,4,"yes"
"1390","7016","7021","Mulberry_706",2020-12-16,0,1,4,0,7,"yes"
"1391","6996","7021","Citrus_9",2021-01-02,0,0.8,5,0,5,"yes"
"1392","6993","7021","None",2020-12-16,0,1,2,0,9,"yes"
"1393","6833","7023","None",2020-11-23,0,1,2,0,2,"yes"
"1394","6992","7023","unknown_3641",2020-11-18,0,0.75,4,0,3,"yes"
"1395","6989","7023","None",2020-11-25,0,0.33,3,0,3,"yes"
"1396","6990","7023","None",2020-11-18,0,0,2,0,6,"yes"
"1397","7010","7023","None",2020-12-08,0,0,1,0,5,"yes"
"1398","7008","7023","None",2020-11-21,0,0,2,0,2,"yes"
"1399","7002","7023","None",2020-12-06,0,1,1,0,2,"yes"
"1400","7015","7023","None",2020-12-06,0,1,1,0,5,"yes"
"1401","7012","7023","None",2020-12-11,0,0,2,0,2,"yes"
"1402","6996","7023","None",2020-11-23,0,0.33,3,0,3,"yes"
"1403","7004","7023","None",2020-11-19,0,1,3,0,7,"yes"
"1404","7021","7023","None",2020-12-19,0,0,1,0,3,"yes"
"1405","6833","7024","None",2020-11-21,0,1,2,0,2,"yes"
"1406","6976","7024","None",2020-11-21,0,1,2,0,9,"yes"
"1407","6987","7024","Washingtonia_255",2020-11-18,0,0.29,7,0,8,"yes"
"1408","7085","7024","None",2020-11-19,0,0.33,3,0,7,"yes"
"1409","6995","7024","Mulberry_706",2020-11-17,0,1,3,0,3,"yes"
"1410","6992","7024","None",2020-11-22,0,1,2,0,4,"yes"
"1411","7003","7024","None",2020-11-20,0.33,0,6,1,3,"yes"
"1412","7015","7024","None",2020-11-17,0,0.33,3,0,2,"yes"
"1413","7004","7024","None",2020-11-22,0,1,1,0,2,"yes"
"1414","6993","7024","Citrus_6",2020-11-28,0.33,0.25,4,1,3,"yes"
"1415","6976","7079","None",2020-11-21,0,1,1,0,9,"yes"
"1416","7085","7079","unknown_1438",2020-11-17,0,0.67,6,0,2,"yes"
"1417","6995","7079","None",2020-11-22,0,1,1,0,2,"yes"
"1418","7024","7079","None",2020-11-22,0,1,1,0,2,"yes"
"1419","7003","7079","None",2020-11-24,0,0,2,0,6,"yes"
"1420","6989","7079","None",2020-11-23,0,0,1,0,5,"yes"
"1421","7010","7079","None",2020-11-17,0,0.33,3,0,9,"yes"
"1422","6807","7079","None",2020-11-19,0,0.33,3,0,2,"yes"
"1423","6991","7079","6",2020-11-17,0,1,1,0,5,"yes"
"1424","7012","7079","None",2020-12-11,0,0,1,0,2,"yes"
"1425","7016","7079","None",2020-11-23,0.12,0,3,1,8,"yes"
"1426","6996","7079","None",2020-12-31,0,0,2,0,6,"yes"
"1427","6993","7079","unknown_1438",2020-11-19,0,0.33,6,0,7,"yes"
"1428","6976","7081","None",2020-11-20,0,1,2,0,3,"yes"
"1429","6987","7081","None",2020-11-17,0,1,3,0,4,"yes"
"1430","7079","7081","None",2020-11-21,0.33,0,2,1,3,"yes"
"1431","7085","7081","Washingtonia_438",2020-11-18,0,0,1,0,4,"yes"
"1432","6995","7081","Washingtonia_243",2020-11-21,0,0.6,5,0,7,"yes"
"1433","6998","7081","None",2020-11-20,0,1,1,0,2,"yes"
"1434","6992","7081","None",2020-11-20,0,1,1,0,2,"yes"
"1435","7003","7081","None",2020-11-21,0,0,3,0,5,"yes"
"1436","7010","7081","None",2020-11-17,0,1,1,0,9,"yes"
"1437","6807","7081","Washingtonia_438",2020-11-18,0,0,3,0,4,"yes"
"1438","7015","7081","None",2020-11-19,0,0,1,0,2,"yes"
"1439","6996","7081","unknown_3241",2020-11-22,0,0,1,0,3,"yes"
"1440","6988","7081","Melia azedarach_292",2020-11-19,0,0.5,4,0,2,"yes"
"1441","7023","7081","unknown_3242",2020-11-21,0,0.5,2,0,3,"yes"
"1442","6993","7081","Washingtonia_438",2020-11-18,0,0,5,0,10,"yes"
"1443","6987","7085","None",2020-11-17,0,1,3,0,4,"yes"
"1444","7081","7085","Washingtonia_438",2020-11-18,0,1,1,0,5,"yes"
"1445","7024","7085","None",2020-11-19,0,0.67,3,0,6,"yes"
"1446","7003","7085","None",2020-11-20,0,0,5,0,3,"yes"
"1447","7010","7085","None",2020-11-17,0,0.5,2,0,9,"yes"
"1448","7008","7085","None",2020-12-28,0,0,5,0,8,"yes"
"1449","6807","7085","Washingtonia_438",2020-11-18,0,0,8,0,4,"yes"
"1450","7016","7085","None",2020-11-23,0,0.2,5,0,8,"yes"
"1451","6996","7085","None",2020-12-31,0,0,1,0,6,"yes"
"1452","6988","7085","Melia azedarach_685",2020-11-18,0,0.12,8,0,4,"yes"
"1453","7004","7085","None",2020-11-19,0,0,1,0,7,"yes"
"1454","6993","7085","Washingtonia_438",2020-11-18,0,0.1,10,0,10,"yes"
"1455","6833","7088","None",2020-11-18,0.33,1,1,1,3,"yes"
"1456","6824","7088","None",2020-11-17,0,1,3,0,4,"yes"
"1457","6976","7088","None",2020-11-17,0,1,3,0,3,"yes"
"1458","7081","7088","unknown_3242",2020-11-20,0,0,2,0,5,"yes"
"1459","6992","7088","unknown_3241",2020-11-18,0,0,2,0,3,"yes"
"1460","7008","7088","None",2020-11-21,0,0,2,0,2,"yes"
"1461","7015","7088","None",2020-12-26,0,0,1,0,4,"yes"
"1462","6996","7088","None",2020-11-22,0,0,3,0,3,"yes"
"1463","7004","7088","None",2020-11-19,0,0,2,0,7,"yes"
"1464","7023","7088","unknown_3242",2020-11-22,0,0,2,0,2,"yes"
