TAG,TAG_Week,cave_origin,sex,age,weight,FA,pregnency,testis
4978,4978_26,Har Gershom,F,A,129,91.2,NA,NA
5011,5011_26,Zemer cave,M,J,91,81.8,NA,xs
5011,5011_27,Zemer cave,M,J,91,81.8,NA,xs
5013,5013_27,Har Gershom,F,J,74,78.5,NA,NA
5013,5013_26,Har Gershom,F,J,74,78.5,NA,NA
5015,5015_27,multiple,M,J,91,81.8,NA,xs
5015,5015_26,Har Gershom,M,J,91,81.8,NA,xs
5016,5016_27,temporary,M,J,80,79.4,NA,xs
5016,5016_26,temporary,M,J,80,79.4,NA,xs
5017,5017_26,multiple,M,J,89,80.4,NA,?
5018,5018_26,Har Gershom,M,J,77,NA,NA,xs
5018,5018_27,Har Gershom,M,J,77,NA,NA,xs
5019,5019_27,Har Gershom,F,J,82,88.5,NA,NA
5019,5019_26,Har Gershom,F,J,82,88.5,NA,NA
5021,5021_27,Har Gershom,M,J,86,82.5,NA,xs
5021,5021_26,Har Gershom,M,J,86,82.5,NA,xs
5022,5022_26,Har Gershom,M,J,85,83.4,NA,xs
5022,5022_27,Har Gershom,M,J,85,83.4,NA,xs
5150,5150_30,Zemer cave,M,A,160,98,NA,M
5150,5150_31,Zemer cave,M,A,160,98,NA,M
5150,5150_29,multiple,M,A,160,98,NA,M
5153,5153_30,multiple,M,A,149,93.7,NA,L
5153,5153_29,multiple,M,A,149,93.7,NA,L
5154,5154_30,temporary,M,SA,133,93.5,NA,M
5154,5154_31,temporary,M,SA,133,93.5,NA,M
5154,5154_29,multiple,M,SA,133,93.5,NA,M
5157,5157_29,Har Gershom,F,A,157,93.3,mid,NA
5157,5157_30,Einan,F,A,157,93.3,mid,NA
5431,5431_35,temporary,M,A,164,93.4,NA,13.2
5431,5431_34,temporary,M,A,164,93.4,NA,13.2
5433,5433_34,temporary,M,A,157,95.5,NA,12.6
5463,5463_36,temporary,M,J,NA,89,NA,xs
5463,5463_37,temporary,M,J,NA,89,NA,xs
5465,5465_37,Har Gershom,F,A,156,92.8,no,NA
5468,5468_36,Einan,M,SA,161,96.2,NA,11.5
5468,5468_37,Har Gershom,M,SA,161,96.2,NA,11.5
6027,6027_45,Har Gershom,M,SA,112,86.9,NA,xs
6039,6039_46,Har Gershom,NA,J,121,NA,NA,NA
6039,6039_45,Har Gershom,NA,J,121,NA,NA,NA
5056,5056_48,Har Gershom,M,A,145,93.9,NA,L
5056,5056_49,Har Gershom,M,A,145,93.9,NA,L
5056,5056_47,Har Gershom,M,A,145,93.9,NA,L
5056,5056_50,Har Gershom,M,A,145,93.9,NA,L
5056,5056_51,Har Gershom,M,A,145,93.9,NA,L
5056,5056_52,Har Gershom,M,A,145,93.9,NA,L
5058,5058_2,Har Gershom,F,A,125,91.2,no,NA
5058,5058_3,Har Gershom,F,A,125,91.2,no,NA
5058,5058_4,Har Gershom,F,A,125,91.2,no,NA
5058,5058_1,Har Gershom,F,A,125,91.2,no,NA
5058,5058_5,Har Gershom,F,A,125,91.2,no,NA
5058,5058_6,Har Gershom,F,A,125,91.2,no,NA
5058,5058_7,Har Gershom,F,A,125,91.2,no,NA
5425,5425_48,temporary,M,J,65,83.3,NA,xs
5425,5425_49,temporary,M,J,65,83.3,NA,xs
5425,5425_47,temporary,M,J,65,83.3,NA,xs
5458,5458_47,temporary,M,A,128,94.4,NA,12.1
5462,5462_48,Har Gershom,M,J,72,75.9,NA,s
5462,5462_47,Har Gershom,M,J,72,75.9,NA,s
5470,5470_43,temporary,M,SA,105,87.7,NA,xs
5471,5471_48,multiple,M,J,99,81.4,NA,xs
5471,5471_47,temporary,M,J,99,81.4,NA,xs
5473,5473_48,Har Gershom,F,A,154,98.9,no,NA
5473,5473_47,Har Gershom,F,A,154,98.9,no,NA
5476,5476_48,multiple,M,SA,128,91.6,NA,xs
5476,5476_49,temporary,M,SA,128,91.6,NA,xs
5476,5476_47,temporary,M,SA,128,91.6,NA,xs
5477,5477_47,temporary,M,J,90,80.4,NA,xs
5477,5477_48,temporary,M,J,90,80.4,NA,xs
5479,5479_43,Har Gershom,F,A,151,90.6,no,NA
5479,5479_44,Har Gershom,F,A,151,90.6,no,NA
5479,5479_45,Har Gershom,F,A,151,90.6,no,NA
5479,5479_42,Har Gershom,F,A,151,90.6,no,NA
5479,5479_46,multiple,F,A,151,90.6,no,NA
5479,5479_47,Har Gershom,F,A,151,90.6,no,NA
5479,5479_49,Har Gershom,F,A,151,90.6,no,NA
5479,5479_50,Har Gershom,F,A,151,90.6,no,NA
5480,5480_48,Har Gershom,F,A,138,93.8,no,NA
5480,5480_47,Har Gershom,F,A,138,93.8,no,NA
5483,5483_48,temporary,M,J,83,84.2,NA,xs
5483,5483_47,temporary,M,J,83,84.2,NA,xs
5486,5486_48,multiple,NA,NA,NA,NA,NA,NA
5486,5486_49,multiple,NA,NA,NA,NA,NA,NA
5486,5486_47,temporary,NA,NA,NA,NA,NA,NA
5486,5486_50,multiple,NA,NA,NA,NA,NA,NA
5589,5589_48,Har Gershom,F,A,137,93,no,NA
5589,5589_49,Har Gershom,F,A,137,93,no,NA
5589,5589_50,Har Gershom,F,A,137,93,no,NA
5589,5589_47,Har Gershom,F,A,137,93,no,NA
5590,5590_2,Har Gershom,F,SA,141,92.3,no,NA
5590,5590_3,Har Gershom,F,SA,141,92.3,no,NA
5590,5590_1,multiple,F,SA,141,92.3,no,NA
5767,5767_8,Har Gershom,M,pup,79,78.4,NA,xs
5767,5767_7,Har Gershom,M,pup,79,78.4,NA,xs
6272,6272_8,multiple,M,J,94,83.6,NA,xs
6272,6272_7,multiple,M,J,94,83.6,NA,xs
6275,6275_8,temporary,NA,NA,NA,NA,NA,NA
6275,6275_10,temporary,NA,NA,NA,NA,NA,NA
6358,6358_10,temporary,M,A,156,96.4,NA,14.5
6358,6358_11,multiple,M,A,156,96.4,NA,14.5
6361,6361_8,temporary,M,A,166,93.6,NA,15
6361,6361_9,multiple,M,A,166,93.6,NA,15
6361,6361_10,multiple,M,A,166,93.6,NA,15
6361,6361_11,temporary,M,A,166,93.6,NA,15
6361,6361_7,temporary,M,A,166,93.6,NA,15
6363,6363_8,multiple,M,SA,134,89.4,NA,13
6363,6363_9,Har Gershom,M,SA,134,89.4,NA,13
6363,6363_7,Einan,M,SA,134,89.4,NA,13
6363,6363_10,Har Gershom,M,SA,134,89.4,NA,13
6363,6363_11,multiple,M,SA,134,89.4,NA,13
6364,6364_7,Har Gershom,M,A,154.4,96.4,NA,14.5
6365,6365_8,multiple,M,A,145,94.4,NA,11.5
6365,6365_9,Zemer cave,M,A,145,94.4,NA,11.5
6365,6365_10,temporary,M,A,145,94.4,NA,11.5
6365,6365_11,Zemer cave,M,A,145,94.4,NA,11.5
6366,6366_8,multiple,M,A,152,93,NA,11.5
6366,6366_9,temporary,M,A,152,93,NA,11.5
6366,6366_7,Har Gershom,M,A,152,93,NA,11.5
6366,6366_10,Einan,M,A,152,93,NA,11.5
6368,6368_21,multiple,F,A,120.5,87.4,no,NA
6368,6368_22,multiple,F,A,120.5,87.4,no,NA
6368,6368_23,Zemer cave,F,A,120.5,87.4,no,NA
6368,6368_17,multiple,F,A,120.5,87.4,no,NA
6368,6368_18,multiple,F,A,120.5,87.4,no,NA
6368,6368_19,multiple,F,A,120.5,87.4,no,NA
6368,6368_20,multiple,F,A,120.5,87.4,no,NA
6370,6370_7,multiple,M,A,161.5,93.6,NA,15
6372,6372_8,Zemer cave,M,A,164,95.4,NA,14
6375,6375_8,Einan,M,A,153,92.4,NA,12
6375,6375_7,Har Gershom,M,A,153,92.4,NA,12
6376,6376_8,multiple,M,A,151,90.1,NA,s
6376,6376_7,Zemer cave,M,A,151,90.1,NA,s
6380,6380_7,multiple,M,A,152,91.4,NA,14
6822,6822_30,multiple,F,J,95,80.4,NA,NA
6824,6824_44,multiple,M,A,152.4,90.4,NA,s
6824,6824_45,Einan,M,A,152.4,90.4,NA,s
6824,6824_47,Einan,M,A,152.4,90.4,NA,s
6824,6824_48,Einan,M,A,152.4,90.4,NA,s
6824,6824_49,multiple,M,A,152.4,90.4,NA,s
6824,6824_50,multiple,M,A,152.4,90.4,NA,s
6824,6824_51,Har Gershom,M,A,152.4,90.4,NA,s
6824,6824_30,Har Gershom,M,A,152.4,90.4,NA,s
6824,6824_35,Har Gershom,M,A,152.4,90.4,NA,s
6824,6824_36,Har Gershom,M,A,152.4,90.4,NA,s
6824,6824_37,Har Gershom,M,A,152.4,90.4,NA,s
6824,6824_39,Har Gershom,M,A,152.4,90.4,NA,s
6824,6824_40,Har Gershom,M,A,152.4,90.4,NA,s
6824,6824_41,Har Gershom,M,A,152.4,90.4,NA,s
6824,6824_42,Har Gershom,M,A,152.4,90.4,NA,s
6824,6824_43,Har Gershom,M,A,152.4,90.4,NA,s
6827,6827_30,Har Gershom,M,J,85.3,81.4,NA,xs
6827,6827_29,Har Gershom,M,J,85.3,81.4,NA,xs
6828,6828_30,Har Gershom,M,A,163,90.9,NA,m
6828,6828_31,Har Gershom,M,A,163,90.9,NA,m
6828,6828_32,Har Gershom,M,A,163,90.9,NA,m
6828,6828_33,Har Gershom,M,A,163,90.9,NA,m
6828,6828_34,Har Gershom,M,A,163,90.9,NA,m
6828,6828_35,Har Gershom,M,A,163,90.9,NA,m
6828,6828_36,Har Gershom,M,A,163,90.9,NA,m
6828,6828_37,Har Gershom,M,A,163,90.9,NA,m
6829,6829_30,Har Gershom,F,A,133,89.9,Start,NA
6829,6829_31,Har Gershom,F,A,133,89.9,Start,NA
6830,6830_31,Har Gershom,F,A,134,92.4,start,NA
6830,6830_44,Har Gershom,F,A,134,92.4,start,NA
6830,6830_45,Har Gershom,F,A,134,92.4,start,NA
6830,6830_46,Har Gershom,F,A,134,92.4,start,NA
6830,6830_47,Har Gershom,F,A,134,92.4,start,NA
6830,6830_48,Har Gershom,F,A,134,92.4,start,NA
6830,6830_49,Har Gershom,F,A,134,92.4,start,NA
6830,6830_50,Har Gershom,F,A,134,92.4,start,NA
6830,6830_51,Har Gershom,F,A,134,92.4,start,NA
6830,6830_52,Har Gershom,F,A,134,92.4,start,NA
6830,6830_32,Har Gershom,F,A,134,92.4,start,NA
6830,6830_53,Har Gershom,F,A,134,92.4,start,NA
6830,6830_1,Har Gershom,F,A,134,92.4,start,NA
6830,6830_2,Har Gershom,F,A,134,92.4,start,NA
6830,6830_3,Har Gershom,F,A,134,92.4,start,NA
6830,6830_4,Har Gershom,F,A,134,92.4,start,NA
6830,6830_5,Har Gershom,F,A,134,92.4,start,NA
6830,6830_30,Har Gershom,F,A,134,92.4,start,NA
6830,6830_6,Har Gershom,F,A,134,92.4,start,NA
6830,6830_7,Har Gershom,F,A,134,92.4,start,NA
6830,6830_8,Har Gershom,F,A,134,92.4,start,NA
6830,6830_33,Har Gershom,F,A,134,92.4,start,NA
6830,6830_34,Har Gershom,F,A,134,92.4,start,NA
6830,6830_35,Har Gershom,F,A,134,92.4,start,NA
6830,6830_36,Har Gershom,F,A,134,92.4,start,NA
6830,6830_37,Har Gershom,F,A,134,92.4,start,NA
6830,6830_38,Har Gershom,F,A,134,92.4,start,NA
6830,6830_39,Har Gershom,F,A,134,92.4,start,NA
6830,6830_40,Har Gershom,F,A,134,92.4,start,NA
6830,6830_41,Har Gershom,F,A,134,92.4,start,NA
6830,6830_42,Har Gershom,F,A,134,92.4,start,NA
6830,6830_43,Har Gershom,F,A,134,92.4,start,NA
6831,6831_30,Zemer cave,F,A,145,96.9,mid,NA
6831,6831_31,multiple,F,A,145,96.9,mid,NA
6832,6832_30,Har Gershom,M,A,168.6,93.4,NA,m
6832,6832_31,Har Gershom,M,A,168.6,93.4,NA,m
6832,6832_29,Har Gershom,M,A,168.6,93.4,NA,m
6832,6832_32,Har Gershom,M,A,168.6,93.4,NA,m
6832,6832_33,Har Gershom,M,A,168.6,93.4,NA,m
6832,6832_34,Har Gershom,M,A,168.6,93.4,NA,m
6832,6832_35,Har Gershom,M,A,168.6,93.4,NA,m
6832,6832_36,Har Gershom,M,A,168.6,93.4,NA,m
6832,6832_37,Har Gershom,M,A,168.6,93.4,NA,m
6833,6833_30,Har Gershom,M,A,138.5,89.3,NA,s
6833,6833_45,Har Gershom,M,A,138.5,89.3,NA,s
6833,6833_46,Har Gershom,M,A,138.5,89.3,NA,s
6833,6833_47,Har Gershom,M,A,138.5,89.3,NA,s
6833,6833_48,Har Gershom,M,A,138.5,89.3,NA,s
6833,6833_31,Har Gershom,M,A,138.5,89.3,NA,s
6833,6833_49,Har Gershom,M,A,138.5,89.3,NA,s
6833,6833_50,Har Gershom,M,A,138.5,89.3,NA,s
6833,6833_51,Har Gershom,M,A,138.5,89.3,NA,s
6833,6833_52,Har Gershom,M,A,138.5,89.3,NA,s
6833,6833_53,Har Gershom,M,A,138.5,89.3,NA,s
6833,6833_29,Har Gershom,M,A,138.5,89.3,NA,s
6833,6833_32,Har Gershom,M,A,138.5,89.3,NA,s
6833,6833_33,Har Gershom,M,A,138.5,89.3,NA,s
6833,6833_34,Har Gershom,M,A,138.5,89.3,NA,s
6833,6833_35,Har Gershom,M,A,138.5,89.3,NA,s
6833,6833_36,Har Gershom,M,A,138.5,89.3,NA,s
6833,6833_39,Har Gershom,M,A,138.5,89.3,NA,s
6834,6834_30,Har Gershom,M,A,165,92.9,NA,s
6834,6834_29,Har Gershom,M,A,165,92.9,NA,s
6835,6835_30,Har Gershom,F,A,153.5,95.4,Start,NA
6835,6835_29,Har Gershom,F,A,153.5,95.4,Start,NA
6969,6969_36,Har Gershom,M,A,107,93.4,NA,big
6969,6969_37,Har Gershom,M,A,107,93.4,NA,big
6969,6969_38,Har Gershom,M,A,107,93.4,NA,big
6969,6969_39,Har Gershom,M,A,107,93.4,NA,big
6969,6969_40,Har Gershom,M,A,107,93.4,NA,big
6969,6969_41,Har Gershom,M,A,107,93.4,NA,big
6969,6969_42,Har Gershom,M,A,107,93.4,NA,big
6969,6969_43,multiple,M,A,107,93.4,NA,big
6969,6969_44,multiple,M,A,107,93.4,NA,big
6969,6969_45,multiple,M,A,107,93.4,NA,big
6969,6969_46,multiple,M,A,107,93.4,NA,big
6974,6974_36,Har Gershom,M,A,148,94.4,NA,11
6974,6974_37,Har Gershom,M,A,148,94.4,NA,11
6974,6974_35,Har Gershom,M,A,148,94.4,NA,11
6974,6974_38,Har Gershom,M,A,148,94.4,NA,11
6974,6974_39,Har Gershom,M,A,148,94.4,NA,11
6974,6974_40,Har Gershom,M,A,148,94.4,NA,11
6974,6974_41,Har Gershom,M,A,148,94.4,NA,11
6974,6974_42,Har Gershom,M,A,148,94.4,NA,11
6974,6974_43,multiple,M,A,148,94.4,NA,11
6974,6974_46,multiple,M,A,148,94.4,NA,11
6976,6976_36,Har Gershom,M,SA,128,91.4,NA,xs
6976,6976_50,Einan,M,SA,128,91.4,NA,xs
6976,6976_37,Har Gershom,M,SA,128,91.4,NA,xs
6976,6976_35,Har Gershom,M,SA,128,91.4,NA,xs
6976,6976_39,Har Gershom,M,SA,128,91.4,NA,xs
6976,6976_40,multiple,M,SA,128,91.4,NA,xs
6976,6976_41,multiple,M,SA,128,91.4,NA,xs
6976,6976_42,Einan,M,SA,128,91.4,NA,xs
6976,6976_43,temporary,M,SA,128,91.4,NA,xs
6976,6976_44,Einan,M,SA,128,91.4,NA,xs
6976,6976_45,Einan,M,SA,128,91.4,NA,xs
6976,6976_46,Einan,M,SA,128,91.4,NA,xs
6976,6976_47,multiple,M,SA,128,91.4,NA,xs
6976,6976_48,multiple,M,SA,128,91.4,NA,xs
6987,6987_49,multiple,F,A,132,94,no,NA
6987,6987_50,multiple,F,A,132,94,no,NA
6987,6987_51,temporary,F,A,132,94,no,NA
6987,6987_52,multiple,F,A,132,94,no,NA
6987,6987_53,multiple,F,A,132,94,no,NA
6987,6987_1,multiple,F,A,132,94,no,NA
6987,6987_2,multiple,F,A,132,94,no,NA
6987,6987_3,temporary,F,A,132,94,no,NA
6987,6987_47,multiple,F,A,132,94,no,NA
6987,6987_48,multiple,F,A,132,94,no,NA
6990,6990_48,Har Gershom,F,A,127,92,no,NA
6990,6990_49,Har Gershom,F,A,127,92,no,NA
6990,6990_47,Har Gershom,F,A,127,92,no,NA
6990,6990_50,Har Gershom,F,A,127,92,no,NA
6990,6990_51,Har Gershom,F,A,127,92,no,NA
6990,6990_52,Har Gershom,F,A,127,92,no,NA
6990,6990_53,multiple,F,A,127,92,no,NA
6991,6991_48,Har Gershom,M,A,138,91.8,NA,15.8
6991,6991_49,Einan,M,A,138,91.8,NA,15.8
6991,6991_47,Har Gershom,M,A,138,91.8,NA,15.8
6991,6991_50,Einan,M,A,138,91.8,NA,15.8
6991,6991_51,Einan,M,A,138,91.8,NA,15.8
6991,6991_52,Einan,M,A,138,91.8,NA,15.8
6991,6991_53,Einan,M,A,138,91.8,NA,15.8
6991,6991_1,Einan,M,A,138,91.8,NA,15.8
6991,6991_2,Einan,M,A,138,91.8,NA,15.8
6992,6992_48,Har Gershom,F,A,131,94.9,no,NA
6992,6992_49,Har Gershom,F,A,131,94.9,no,NA
6992,6992_47,multiple,F,A,131,94.9,no,NA
6992,6992_50,Har Gershom,F,A,131,94.9,no,NA
6992,6992_51,Har Gershom,F,A,131,94.9,no,NA
6992,6992_52,multiple,F,A,131,94.9,no,NA
6995,6995_48,Zemer cave,M,A,139,92,NA,15
6995,6995_49,multiple,M,A,139,92,NA,15
6995,6995_47,multiple,M,A,139,92,NA,15
6998,6998_48,Har Gershom,F,A,130.6,91.5,no,NA
6998,6998_49,Har Gershom,F,A,130.6,91.5,no,NA
6998,6998_47,Har Gershom,F,A,130.6,91.5,no,NA
7003,7003_48,Zemer cave,M,A,158,95.3,NA,14.6
7003,7003_49,Zemer cave,M,A,158,95.3,NA,14.6
7003,7003_47,multiple,M,A,158,95.3,NA,14.6
7003,7003_50,Zemer cave,M,A,158,95.3,NA,14.6
7003,7003_51,Zemer cave,M,A,158,95.3,NA,14.6
7003,7003_52,multiple,M,A,158,95.3,NA,14.6
7008,7008_48,Zemer cave,F,A,124.5,89,no,NA
7008,7008_49,Zemer cave,F,A,124.5,89,no,NA
7008,7008_47,multiple,F,A,124.5,89,no,NA
7008,7008_50,Zemer cave,F,A,124.5,89,no,NA
7008,7008_51,Zemer cave,F,A,124.5,89,no,NA
7008,7008_52,Zemer cave,F,A,124.5,89,no,NA
7010,7010_48,Har Gershom,M,A,114,88.9,NA,0
7010,7010_49,Einan,M,A,114,88.9,NA,0
7010,7010_47,multiple,M,A,114,88.9,NA,0
7010,7010_50,multiple,M,A,114,88.9,NA,0
7010,7010_51,Einan,M,A,114,88.9,NA,0
7010,7010_52,temporary,M,A,114,88.9,NA,0
7010,7010_53,Einan,M,A,114,88.9,NA,0
7012,7012_48,Zemer cave,F,A,133,93,no,NA
7012,7012_49,Zemer cave,F,A,133,93,no,NA
7012,7012_47,multiple,F,A,133,93,no,NA
7012,7012_50,Zemer cave,F,A,133,93,no,NA
7012,7012_51,multiple,F,A,133,93,no,NA
7012,7012_52,Zemer cave,F,A,133,93,no,NA
7012,7012_53,Zemer cave,F,A,133,93,no,NA
7012,7012_1,multiple,F,A,133,93,no,NA
7014,7014_48,Har Gershom,F,A,122,90,no,NA
7014,7014_49,Har Gershom,F,A,122,90,no,NA
7014,7014_50,Har Gershom,F,A,122,90,no,NA
7014,7014_51,Har Gershom,F,A,122,90,no,NA
7014,7014_47,Har Gershom,F,A,122,90,no,NA
7014,7014_52,Har Gershom,F,A,122,90,no,NA
7014,7014_53,Har Gershom,F,A,122,90,no,NA
7015,7015_48,Har Gershom,F,A,121,88,no,NA
7015,7015_49,temporary,F,A,121,88,no,NA
7015,7015_47,multiple,F,A,121,88,no,NA
7015,7015_50,multiple,F,A,121,88,no,NA
7015,7015_52,multiple,F,A,121,88,no,NA
7015,7015_53,Har Gershom,F,A,121,88,no,NA
7015,7015_1,Har Gershom,F,A,121,88,no,NA
7015,7015_4,Har Gershom,F,A,121,88,no,NA
7017,7017_48,multiple,F,A,124,91,no,NA
7017,7017_49,Einan,F,A,124,91,no,NA
7017,7017_47,Har Gershom,F,A,124,91,no,NA
7017,7017_50,Einan,F,A,124,91,no,NA
7017,7017_51,Einan,F,A,124,91,no,NA
7021,7021_51,multiple,F,A,125,93,no,NA
7021,7021_50,temporary,F,A,125,93,no,NA
7021,7021_53,temporary,F,A,125,93,no,NA
7021,7021_1,multiple,F,A,125,93,no,NA
7021,7021_2,multiple,F,A,125,93,no,NA
7021,7021_4,Har Gershom,F,A,125,93,no,NA
7021,7021_5,multiple,F,A,125,93,no,NA
7023,7023_48,Har Gershom,M,A,151,94,NA,12
7023,7023_49,Einan,M,A,151,94,NA,12
7023,7023_47,Har Gershom,M,A,151,94,NA,12
7023,7023_50,multiple,M,A,151,94,NA,12
7079,7079_47,multiple,F,J,79,79,NA,NA
7088,7088_47,multiple,F,SA,91,81.9,no,NA
6807,6807_48,Zemer cave,F,A,122,90.9,no,NA
6807,6807_49,Zemer cave,F,A,122,90.9,no,NA
6807,6807_47,Zemer cave,F,A,122,90.9,no,NA
6807,6807_50,Zemer cave,F,A,122,90.9,no,NA
6807,6807_51,Zemer cave,F,A,122,90.9,no,NA
6807,6807_52,Zemer cave,F,A,122,90.9,no,NA
6807,6807_53,temporary,F,A,122,90.9,no,NA
6807,6807_1,Zemer cave,F,A,122,90.9,no,NA
6823,6823_30,Har Gershom,M,A,118.5,91.4,NA,s
6988,6988_48,Har Gershom,F,A,124,94.7,no,NA
6988,6988_8,Har Gershom,F,A,124,94.7,no,NA
6988,6988_49,Har Gershom,F,A,124,94.7,no,NA
6988,6988_47,Har Gershom,F,A,124,94.7,no,NA
6988,6988_50,Har Gershom,F,A,124,94.7,no,NA
6988,6988_51,Har Gershom,F,A,124,94.7,no,NA
6988,6988_52,Har Gershom,F,A,124,94.7,no,NA
6988,6988_53,Har Gershom,F,A,124,94.7,no,NA
6988,6988_1,Har Gershom,F,A,124,94.7,no,NA
6988,6988_2,Har Gershom,F,A,124,94.7,no,NA
6988,6988_3,Har Gershom,F,A,124,94.7,no,NA
6988,6988_4,Har Gershom,F,A,124,94.7,no,NA
6988,6988_5,Har Gershom,F,A,124,94.7,no,NA
6988,6988_6,Har Gershom,F,A,124,94.7,no,NA
6988,6988_7,Har Gershom,F,A,124,94.7,no,NA
6989,6989_48,Zemer cave,F,A,118,94,no,NA
6989,6989_49,Zemer cave,F,A,118,94,no,NA
6989,6989_47,Har Gershom,F,A,118,94,no,NA
6989,6989_51,Einan,F,A,118,94,no,NA
6989,6989_52,Einan,F,A,118,94,no,NA
6989,6989_53,multiple,F,A,118,94,no,NA
6993,6993_48,Zemer cave,M,A,170,168,NA,14
6993,6993_49,Zemer cave,M,A,170,168,NA,14
6993,6993_47,multiple,M,A,170,168,NA,14
6993,6993_50,multiple,M,A,170,168,NA,14
6993,6993_51,Zemer cave,M,A,170,168,NA,14
6993,6993_52,Zemer cave,M,A,170,168,NA,14
6993,6993_53,Zemer cave,M,A,170,168,NA,14
6993,6993_1,multiple,M,A,170,168,NA,14
6993,6993_2,Zemer cave,M,A,170,168,NA,14
6993,6993_4,Zemer cave,M,A,170,168,NA,14
6996,6996_48,Har Gershom,M,A,148,95,NA,13
6996,6996_49,Har Gershom,M,A,148,95,NA,13
6996,6996_50,Einan,M,A,148,95,NA,13
6996,6996_51,Einan,M,A,148,95,NA,13
6996,6996_47,Har Gershom,M,A,148,95,NA,13
6996,6996_52,Einan,M,A,148,95,NA,13
6996,6996_53,Einan,M,A,148,95,NA,13
6996,6996_1,Einan,M,A,148,95,NA,13
6996,6996_2,Einan,M,A,148,95,NA,13
6996,6996_3,Einan,M,A,148,95,NA,13
6996,6996_4,multiple,M,A,148,95,NA,13
6996,6996_5,Einan,M,A,148,95,NA,13
6996,6996_6,Einan,M,A,148,95,NA,13
6996,6996_7,multiple,M,A,148,95,NA,13
7002,7002_48,multiple,F,A,123,94,no,NA
7002,7002_49,Har Gershom,F,A,123,94,no,NA
7002,7002_50,temporary,F,A,123,94,no,NA
7002,7002_53,multiple,F,A,123,94,no,NA
7002,7002_47,multiple,F,A,123,94,no,NA
7002,7002_1,temporary,F,A,123,94,no,NA
7004,7004_48,multiple,F,A,122,90.5,no,NA
7004,7004_49,Har Gershom,F,A,122,90.5,no,NA
7004,7004_47,Har Gershom,F,A,122,90.5,no,NA
7016,7016_48,temporary,M,A,NA,94.7,NA,16
7016,7016_49,temporary,M,A,NA,94.7,NA,16
7016,7016_47,temporary,M,A,NA,94.7,NA,16
7016,7016_51,temporary,M,A,NA,94.7,NA,16
7016,7016_53,multiple,M,A,NA,94.7,NA,16
7016,7016_1,temporary,M,A,NA,94.7,NA,16
7024,7024_48,Zemer cave,NA,A,166,91.7,NA,12.7
7024,7024_49,temporary,NA,A,166,91.7,NA,12.7
7024,7024_47,temporary,NA,A,166,91.7,NA,12.7
7081,7081_47,multiple,NA,J,88,82,NA,NA
7085,7085_48,Zemer cave,M,J,73,81,NA,NA
7085,7085_47,temporary,M,J,73,81,NA,NA
6403,6403_24,Zemer cave,M,pup,71.4,76.9,NA,xs
6428,6428_25,Zemer cave,M,SA,126.2,91.1,NA,xs
6428,6428_24,multiple,M,SA,126.2,91.1,NA,xs
6591,6591_27,multiple,F,A,127.2,90.9,no,NA
6591,6591_24,Zemer cave,F,A,127.2,90.9,no,NA
6591,6591_31,temporary,F,A,127.2,90.9,no,NA
6593,6593_25,Har Gershom,F,A,134,95.7,mid,NA
6593,6593_26,Har Gershom,F,A,134,95.7,mid,NA
6593,6593_27,Har Gershom,F,A,134,95.7,mid,NA
6593,6593_24,Har Gershom,F,A,134,95.7,mid,NA
6593,6593_28,Har Gershom,F,A,134,95.7,mid,NA
6593,6593_29,Har Gershom,F,A,134,95.7,mid,NA
6593,6593_30,Har Gershom,F,A,134,95.7,mid,NA
6593,6593_31,multiple,F,A,134,95.7,mid,NA
6593,6593_32,multiple,F,A,134,95.7,mid,NA
6635,6635_26,Har Gershom,F,A,139.3,90.4,Mid,NA
6635,6635_27,Har Gershom,F,A,139.3,90.4,Mid,NA
6635,6635_25,Har Gershom,F,A,139.3,90.4,Mid,NA
6638,6638_26,Einan,M,SA,101.5,91.9,NA,xs
6638,6638_27,multiple,M,SA,101.5,91.9,NA,xs
6638,6638_25,Einan,M,SA,101.5,91.9,NA,xs
6638,6638_28,Einan,M,SA,101.5,91.9,NA,xs
6640,6640_26,multiple,M,A,134.2,90.4,NA,xs
6640,6640_27,temporary,M,A,134.2,90.4,NA,xs
6640,6640_25,temporary,M,A,134.2,90.4,NA,xs
6640,6640_29,temporary,M,A,134.2,90.4,NA,xs
6640,6640_30,temporary,M,A,134.2,90.4,NA,xs
6641,6641_26,temporary,NA,pup,83.5,79.9,NA,NA
6641,6641_25,Zemer cave,NA,pup,83.5,79.9,NA,NA
6644,6644_25,Zemer cave,F,A,164,94.7,carrying pup,NA
6644,6644_29,multiple,F,A,164,94.7,carrying pup,NA
6645,6645_25,Zemer cave,NA,NA,NA,NA,NA,NA
6646,6646_25,multiple,M,A,137.5,90.4,NA,10
6648,6648_25,Zemer cave,F,A,141.5,90.4,Advanced,NA
6649,6649_26,temporary,F,A,148.5,90.4,carrying pup,NA
6649,6649_27,temporary,F,A,148.5,90.4,carrying pup,NA
6649,6649_25,multiple,F,A,148.5,90.4,carrying pup,NA
6650,6650_26,Zemer cave,F,A,130.6,89.4,no,NA
6650,6650_27,Zemer cave,F,A,130.6,89.4,no,NA
6650,6650_25,Har Gershom,F,A,130.6,89.4,no,NA
6651,6651_26,Zemer cave,NA,pup,NA,NA,NA,NA
6651,6651_27,temporary,NA,pup,NA,NA,NA,NA
6651,6651_25,Zemer cave,NA,pup,NA,NA,NA,NA
6652,6652_27,Zemer cave,F,pup,70,75.4,NA,NA
6652,6652_26,Zemer cave,F,pup,70,75.4,NA,NA
6653,6653_26,multiple,M,A,134,93.9,Mid,NA
6653,6653_25,Har Gershom,M,A,134,93.9,Mid,NA
6654,6654_27,Har Gershom,M,A,118.5,87.4,NA,xs
6654,6654_26,Har Gershom,M,A,118.5,87.4,NA,xs
4408,4408_21,temporary,F,J,140,92.9,NA,NA
4419,4419_19,Har Gershom,M,A,158,99.3,NA,L
4419,4419_20,Har Gershom,M,A,158,99.3,NA,L
4419,4419_21,multiple,M,A,158,99.3,NA,L
4419,4419_18,Har Gershom,M,A,158,99.3,NA,L
4424,4424_18,Har Gershom,F,J,135,93,NA,NA
4424,4424_19,Har Gershom,F,J,135,93,NA,NA
4435,4435_21,Har Gershom,M,A,159,95,NA,S
4439,4439_24,Zemer cave,M,J,138,92,NA,M
4441,4441_21,temporary,M,A,163,93.9,NA,L
4446,4446_23,Zemer cave,F,A,128,95.2,NA,NA
4446,4446_24,Zemer cave,F,A,128,95.2,NA,NA
4448,4448_21,temporary,M,A,161,94.4,NA,S/M
4449,4449_19,Har Gershom,F,NA,128,91.7,NA,NA
4449,4449_18,Har Gershom,F,NA,128,91.7,NA,NA
4452,4452_19,Har Gershom,F,A,137,93.3,NA,NA
4452,4452_18,Har Gershom,F,A,137,93.3,NA,NA
4453,4453_19,temporary,M,J,123,89.8,NA,S
4453,4453_18,temporary,M,J,123,89.8,NA,S
4454,4454_18,temporary,M,A,138,94,NA,M
5594,5594_7,Einan,M,J,90.7,87.1,NA,xs
5594,5594_8,Har Gershom,M,J,90.7,87.1,NA,xs
5594,5594_6,temporary,M,J,90.7,87.1,NA,xs
5597,5597_48,temporary,M,J,66,80,NA,xs
5597,5597_47,temporary,M,J,66,80,NA,xs
5598,5598_11,Einan,M,J,95,83.4,NA,NA
5600,5600_7,Har Gershom,M,SA,111.5,91,NA,NA
5600,5600_8,Har Gershom,M,SA,111.5,91,NA,NA
5600,5600_6,multiple,M,SA,111.5,91,NA,NA
5660,5660_7,Zemer cave,M,A,164.1,93.1,NA,16.8
5660,5660_8,Zemer cave,M,A,164.1,93.1,NA,16.8
5660,5660_9,multiple,M,A,164.1,93.1,NA,16.8
5660,5660_6,Einan,M,A,164.1,93.1,NA,16.8
5661,5661_7,Zemer cave,M,A,153.2,95.2,NA,15.6
5661,5661_8,multiple,M,A,153.2,95.2,NA,15.6
5661,5661_6,Zemer cave,M,A,153.2,95.2,NA,15.6
5672,5672_7,temporary,M,SA,114.3,89.4,NA,xs
5672,5672_8,Zemer cave,M,SA,114.3,89.4,NA,xs
5672,5672_6,Zemer cave,M,SA,114.3,89.4,NA,xs
5675,5675_6,Har Gershom,M,SA,132,94,NA,17.5
5677,5677_7,multiple,M,J,100.4,87.6,NA,xs
5677,5677_6,Har Gershom,M,J,100.4,87.6,NA,xs
5679,5679_7,multiple,M,J,97.2,85.2,NA,xs
5679,5679_6,Har Gershom,M,J,97.2,85.2,NA,xs
5680,5680_7,multiple,M,A,157,95.2,NA,17
5680,5680_8,multiple,M,A,157,95.2,NA,17
5680,5680_6,multiple,M,A,157,95.2,NA,17
5699,5699_13,Har Gershom,M,A,142,94,NA,12.7
5702,5702_14,Har Gershom,M,A,150,91.9,NA,10.1
5702,5702_13,Har Gershom,M,A,150,91.9,NA,10.1
5703,5703_14,Har Gershom,M,A,128,90.4,NA,10.5
5703,5703_15,Har Gershom,M,A,128,90.4,NA,10.5
5703,5703_13,Har Gershom,M,A,128,90.4,NA,10.5
5731,5731_11,Har Gershom,M,J,69,78.8,NA,NA
5732,5732_12,Har Gershom,M,SA,103,85.9,NA,NA
5732,5732_11,multiple,M,SA,103,85.9,NA,NA
5733,5733_12,temporary,M,SA,85,86.4,NA,NA
5733,5733_13,temporary,M,SA,85,86.4,NA,NA
5733,5733_11,temporary,M,SA,85,86.4,NA,NA
5733,5733_14,temporary,M,SA,85,86.4,NA,NA
5738,5738_12,multiple,F,A,110,102.4,NA,NA
5738,5738_13,Har Gershom,F,A,110,102.4,NA,NA
5738,5738_11,temporary,F,A,110,102.4,NA,NA
5738,5738_14,Har Gershom,F,A,110,102.4,NA,NA
5738,5738_15,Har Gershom,F,A,110,102.4,NA,NA
5746,5746_11,Har Gershom,M,A,121,91.3,NA,NA
5764,5764_14,temporary,M,A,144,91.9,NA,10.5
5764,5764_27,Har Gershom,M,A,144,91.9,NA,10.5
5764,5764_28,Har Gershom,M,A,144,91.9,NA,10.5
5764,5764_29,Har Gershom,M,A,144,91.9,NA,10.5
5764,5764_30,Har Gershom,M,A,144,91.9,NA,10.5
5764,5764_31,Har Gershom,M,A,144,91.9,NA,10.5
5764,5764_32,Har Gershom,M,A,144,91.9,NA,10.5
5764,5764_33,Har Gershom,M,A,144,91.9,NA,10.5
5764,5764_34,Har Gershom,M,A,144,91.9,NA,10.5
5764,5764_35,temporary,M,A,144,91.9,NA,10.5
5764,5764_36,Har Gershom,M,A,144,91.9,NA,10.5
5764,5764_37,Har Gershom,M,A,144,91.9,NA,10.5
5764,5764_38,multiple,M,A,144,91.9,NA,10.5
5764,5764_39,Har Gershom,M,A,144,91.9,NA,10.5
5764,5764_40,Har Gershom,M,A,144,91.9,NA,10.5
5764,5764_41,Har Gershom,M,A,144,91.9,NA,10.5
5764,5764_42,Har Gershom,M,A,144,91.9,NA,10.5
5764,5764_16,Har Gershom,M,A,144,91.9,NA,10.5
5764,5764_17,Har Gershom,M,A,144,91.9,NA,10.5
5764,5764_13,Har Gershom,M,A,144,91.9,NA,10.5
5764,5764_18,Har Gershom,M,A,144,91.9,NA,10.5
5764,5764_19,Har Gershom,M,A,144,91.9,NA,10.5
5764,5764_20,Har Gershom,M,A,144,91.9,NA,10.5
5764,5764_21,Har Gershom,M,A,144,91.9,NA,10.5
5764,5764_22,Har Gershom,M,A,144,91.9,NA,10.5
5764,5764_23,Har Gershom,M,A,144,91.9,NA,10.5
5764,5764_24,Har Gershom,M,A,144,91.9,NA,10.5
5764,5764_25,Har Gershom,M,A,144,91.9,NA,10.5
5764,5764_26,Har Gershom,M,A,144,91.9,NA,10.5
5769,5769_14,Har Gershom,M,J,104,82.4,NA,xs
5769,5769_13,Har Gershom,M,J,104,82.4,NA,xs
5772,5772_13,Har Gershom,M,J,97,85.6,NA,xs
5780,5780_13,Har Gershom,F,J,99,84.9,no,NA
5782,5782_14,Har Gershom,M,J,90,80.9,NA,xs
5782,5782_13,Har Gershom,M,J,90,80.9,NA,xs
5700,5700_16,Har Gershom,M,A,168.7,96.8,NA,12.6
5700,5700_17,Har Gershom,M,A,168.7,96.8,NA,12.6
5700,5700_15,Har Gershom,M,A,168.7,96.8,NA,12.6
5700,5700_18,Har Gershom,M,A,168.7,96.8,NA,12.6
5700,5700_19,Har Gershom,M,A,168.7,96.8,NA,12.6
5704,5704_22,multiple,F,A,145,91.9,mid,NA
5704,5704_23,Har Gershom,F,A,145,91.9,mid,NA
5704,5704_21,multiple,F,A,145,91.9,mid,NA
5726,5726_14,Har Gershom,M,A,152,93.9,NA,12
5726,5726_15,Har Gershom,M,A,152,93.9,NA,12
5726,5726_13,Har Gershom,M,A,152,93.9,NA,12
5726,5726_16,Har Gershom,M,A,152,93.9,NA,12
5727,5727_22,Einan,M,A,133,91,NA,9.5
5727,5727_23,Einan,M,A,133,91,NA,9.5
5727,5727_21,multiple,M,A,133,91,NA,9.5
5727,5727_24,Einan,M,A,133,91,NA,9.5
5728,5728_14,multiple,M,A,136,93.8,NA,xs
5728,5728_15,Har Gershom,M,A,136,93.8,NA,xs
5728,5728_13,Har Gershom,M,A,136,93.8,NA,xs
5728,5728_16,Har Gershom,M,A,136,93.8,NA,xs
5728,5728_18,multiple,M,A,136,93.8,NA,xs
5729,5729_14,Har Gershom,M,A,156,90.2,NA,9
5729,5729_15,Har Gershom,M,A,156,90.2,NA,9
5729,5729_16,Har Gershom,M,A,156,90.2,NA,9
5729,5729_17,Har Gershom,M,A,156,90.2,NA,9
5734,5734_14,Har Gershom,M,J,110,83.9,NA,xs
5734,5734_15,Har Gershom,M,J,110,83.9,NA,xs
5734,5734_13,Har Gershom,M,J,110,83.9,NA,xs
5734,5734_16,Har Gershom,M,J,110,83.9,NA,xs
5734,5734_17,Har Gershom,M,J,110,83.9,NA,xs
5736,5736_16,temporary,M,A,164.4,93.1,NA,13.2
5736,5736_17,temporary,M,A,164.4,93.1,NA,13.2
5736,5736_15,temporary,M,A,164.4,93.1,NA,13.2
5736,5736_18,temporary,M,A,164.4,93.1,NA,13.2
5736,5736_19,temporary,M,A,164.4,93.1,NA,13.2
5736,5736_20,multiple,M,A,164.4,93.1,NA,13.2
5739,5739_22,temporary,F,A,130,93.8,no,NA
5739,5739_24,temporary,F,A,130,93.8,no,NA
5739,5739_25,temporary,F,A,130,93.8,no,NA
5739,5739_26,temporary,F,A,130,93.8,no,NA
5739,5739_27,temporary,F,A,130,93.8,no,NA
5739,5739_28,temporary,F,A,130,93.8,no,NA
5739,5739_29,temporary,F,A,130,93.8,no,NA
5739,5739_30,temporary,F,A,130,93.8,no,NA
5739,5739_31,temporary,F,A,130,93.8,no,NA
5739,5739_33,temporary,F,A,130,93.8,no,NA
5739,5739_34,temporary,F,A,130,93.8,no,NA
5741,5741_22,Einan,F,A,143,92.2,no,NA
5741,5741_35,Zemer cave,F,A,143,92.2,no,NA
5741,5741_23,Einan,F,A,143,92.2,no,NA
5741,5741_21,multiple,F,A,143,92.2,no,NA
5741,5741_24,Einan,F,A,143,92.2,no,NA
5741,5741_25,Einan,F,A,143,92.2,no,NA
5741,5741_26,multiple,F,A,143,92.2,no,NA
5741,5741_27,multiple,F,A,143,92.2,no,NA
5741,5741_28,Zemer cave,F,A,143,92.2,no,NA
5741,5741_29,Zemer cave,F,A,143,92.2,no,NA
5741,5741_30,Zemer cave,F,A,143,92.2,no,NA
5741,5741_31,Zemer cave,F,A,143,92.2,no,NA
5741,5741_33,Zemer cave,F,A,143,92.2,no,NA
5741,5741_34,Zemer cave,F,A,143,92.2,no,NA
5747,5747_14,Har Gershom,M,A,164,94.9,NA,13.5
5747,5747_15,Har Gershom,M,A,164,94.9,NA,13.5
5747,5747_13,Har Gershom,M,A,164,94.9,NA,13.5
5759,5759_15,multiple,M,A,171,95.9,NA,9.7
5760,5760_22,Zemer cave,F,A,118,89.8,no,NA
5760,5760_35,Zemer cave,F,A,118,89.8,no,NA
5760,5760_36,Zemer cave,F,A,118,89.8,no,NA
5760,5760_37,Zemer cave,F,A,118,89.8,no,NA
5760,5760_38,Zemer cave,F,A,118,89.8,no,NA
5760,5760_39,Zemer cave,F,A,118,89.8,no,NA
5760,5760_23,Zemer cave,F,A,118,89.8,no,NA
5760,5760_40,Zemer cave,F,A,118,89.8,no,NA
5760,5760_24,Zemer cave,F,A,118,89.8,no,NA
5760,5760_25,multiple,F,A,118,89.8,no,NA
5760,5760_26,Zemer cave,F,A,118,89.8,no,NA
5760,5760_27,Zemer cave,F,A,118,89.8,no,NA
5760,5760_28,Zemer cave,F,A,118,89.8,no,NA
5760,5760_29,Zemer cave,F,A,118,89.8,no,NA
5760,5760_30,Zemer cave,F,A,118,89.8,no,NA
5760,5760_31,Zemer cave,F,A,118,89.8,no,NA
5760,5760_32,Zemer cave,F,A,118,89.8,no,NA
5760,5760_33,Zemer cave,F,A,118,89.8,no,NA
5760,5760_34,Zemer cave,F,A,118,89.8,no,NA
5762,5762_21,Zemer cave,F,pup,50,69.9,NA,NA
5763,5763_16,Har Gershom,M,A,164,93.2,NA,10.7
5763,5763_17,Har Gershom,M,A,164,93.2,NA,10.7
5763,5763_15,Einan,M,A,164,93.2,NA,10.7
5763,5763_18,Har Gershom,M,A,164,93.2,NA,10.7
5765,5765_21,multiple,M,SA,135,94.3,NA,xs
5777,5777_22,Einan,M,A,143,90.9,NA,8.6
5777,5777_23,Einan,M,A,143,90.9,NA,8.6
5777,5777_21,multiple,M,A,143,90.9,NA,8.6
5777,5777_24,Einan,M,A,143,90.9,NA,8.6
5777,5777_25,Einan,M,A,143,90.9,NA,8.6
5777,5777_26,Einan,M,A,143,90.9,NA,8.6
5779,5779_22,Har Gershom,F,A,145,92.6,yes,NA
5779,5779_23,Har Gershom,F,A,145,92.6,yes,NA
5779,5779_21,Har Gershom,F,A,145,92.6,yes,NA
5779,5779_24,Har Gershom,F,A,145,92.6,yes,NA
5783,5783_15,Zemer cave,M,J,86.9,87.3,NA,xs
6123,6123_28,Har Gershom,M,SA,129,90.7,NA,s
6123,6123_26,Har Gershom,M,SA,129,90.7,NA,s
6123,6123_27,Har Gershom,M,SA,129,90.7,NA,s
5599,5599_39,multiple,M,J,101,84.2,NA,xs
5662,5662_46,Har Gershom,F,A,120,92,no,NA
5662,5662_45,Har Gershom,F,A,120,92,no,NA
5662,5662_48,Har Gershom,F,A,120,92,no,NA
5667,5667_46,Har Gershom,M,SA,107.4,91,NA,xs
5667,5667_47,Har Gershom,M,SA,107.4,91,NA,xs
5667,5667_45,Har Gershom,M,SA,107.4,91,NA,xs
5667,5667_48,Har Gershom,M,SA,107.4,91,NA,xs
5667,5667_49,Har Gershom,M,SA,107.4,91,NA,xs
5684,5684_45,multiple,M,A,153,93,NA,10
5685,5685_40,Har Gershom,F,A,139,92.9,no,NA
5685,5685_41,Har Gershom,F,A,139,92.9,no,NA
5685,5685_39,multiple,F,A,139,92.9,no,NA
5685,5685_42,Har Gershom,F,A,139,92.9,no,NA
5720,5720_26,multiple,F,SA,110,87,NA,NA
5735,5735_46,multiple,F,A,136,91.8,no,NA
5735,5735_47,multiple,F,A,136,91.8,no,NA
5735,5735_45,temporary,F,A,136,91.8,no,NA
5737,5737_27,temporary,F,A,143,90.6,no,NA
5737,5737_28,temporary,F,A,143,90.6,no,NA
5737,5737_30,temporary,F,A,143,90.6,no,NA
5737,5737_26,temporary,F,A,143,90.6,no,NA
5742,5742_27,multiple,f,A,129,89.6,no,NA
5742,5742_28,Har Gershom,f,A,129,89.6,no,NA
5742,5742_26,Einan,f,A,129,89.6,no,NA
5742,5742_29,Har Gershom,f,A,129,89.6,no,NA
5742,5742_30,Har Gershom,f,A,129,89.6,no,NA
5742,5742_31,Har Gershom,f,A,129,89.6,no,NA
5742,5742_32,Har Gershom,f,A,129,89.6,no,NA
5742,5742_33,multiple,f,A,129,89.6,no,NA
5743,5743_40,temporary,M,SA,108,88.3,NA,xs
5743,5743_41,temporary,M,SA,108,88.3,NA,xs
5743,5743_39,temporary,M,SA,108,88.3,NA,xs
5744,5744_46,Har Gershom,M,SA,104,87,NA,xs
5744,5744_47,Har Gershom,M,SA,104,87,NA,xs
5744,5744_45,Har Gershom,M,SA,104,87,NA,xs
5744,5744_48,Har Gershom,M,SA,104,87,NA,xs
5744,5744_49,Har Gershom,M,SA,104,87,NA,xs
5744,5744_50,Har Gershom,M,SA,104,87,NA,xs
5744,5744_51,multiple,M,SA,104,87,NA,xs
5744,5744_52,temporary,M,SA,104,87,NA,xs
5744,5744_1,Har Gershom,M,SA,104,87,NA,xs
5744,5744_2,Har Gershom,M,SA,104,87,NA,xs
5745,5745_36,Har Gershom,M,A,165.6,93.4,NA,14.2
5745,5745_49,Har Gershom,M,A,165.6,93.4,NA,14.2
5745,5745_50,Har Gershom,M,A,165.6,93.4,NA,14.2
5745,5745_51,Har Gershom,M,A,165.6,93.4,NA,14.2
5745,5745_52,Har Gershom,M,A,165.6,93.4,NA,14.2
5745,5745_1,Har Gershom,M,A,165.6,93.4,NA,14.2
5745,5745_37,Har Gershom,M,A,165.6,93.4,NA,14.2
5745,5745_2,Har Gershom,M,A,165.6,93.4,NA,14.2
5745,5745_35,Har Gershom,M,A,165.6,93.4,NA,14.2
5745,5745_38,Har Gershom,M,A,165.6,93.4,NA,14.2
5745,5745_39,Har Gershom,M,A,165.6,93.4,NA,14.2
5745,5745_40,Har Gershom,M,A,165.6,93.4,NA,14.2
5745,5745_41,Har Gershom,M,A,165.6,93.4,NA,14.2
5745,5745_42,Har Gershom,M,A,165.6,93.4,NA,14.2
5745,5745_43,Har Gershom,M,A,165.6,93.4,NA,14.2
5745,5745_44,Har Gershom,M,A,165.6,93.4,NA,14.2
5745,5745_45,Har Gershom,M,A,165.6,93.4,NA,14.2
5745,5745_46,multiple,M,A,165.6,93.4,NA,14.2
5745,5745_47,Har Gershom,M,A,165.6,93.4,NA,14.2
5745,5745_48,Har Gershom,M,A,165.6,93.4,NA,14.2
5748,5748_38,Har Gershom,M,A,160.2,95.9,NA,13.4
5749,5749_45,temporary,F,SA,109.2,88.5,no,NA
5751,5751_49,Har Gershom,F,A,134.4,90.4,no,NA
5751,5751_50,Har Gershom,F,A,134.4,90.4,no,NA
5751,5751_36,Har Gershom,F,A,134.4,90.4,no,NA
5751,5751_51,multiple,F,A,134.4,90.4,no,NA
5751,5751_35,temporary,F,A,134.4,90.4,no,NA
5751,5751_39,Einan,F,A,134.4,90.4,no,NA
5751,5751_40,temporary,F,A,134.4,90.4,no,NA
5751,5751_42,Har Gershom,F,A,134.4,90.4,no,NA
5751,5751_43,Har Gershom,F,A,134.4,90.4,no,NA
5751,5751_45,Har Gershom,F,A,134.4,90.4,no,NA
5751,5751_46,Har Gershom,F,A,134.4,90.4,no,NA
5751,5751_47,Har Gershom,F,A,134.4,90.4,no,NA
5751,5751_48,Har Gershom,F,A,134.4,90.4,no,NA
5761,5761_46,Har Gershom,F,A,134,92.4,mid,NA
5761,5761_47,Har Gershom,F,A,134,92.4,mid,NA
5761,5761_45,Har Gershom,F,A,134,92.4,mid,NA
5761,5761_48,Har Gershom,F,A,134,92.4,mid,NA
5761,5761_49,Har Gershom,F,A,134,92.4,mid,NA
5761,5761_50,Har Gershom,F,A,134,92.4,mid,NA
5761,5761_51,Har Gershom,F,A,134,92.4,mid,NA
5770,5770_45,multiple,NA,pup,57,76,NA,NA
5771,5771_45,Har Gershom,F,pup,55,76,NA,NA
5771,5771_46,Har Gershom,F,pup,55,76,NA,NA
5778,5778_46,Einan,M,SA,110,88.6,NA,xs
5778,5778_47,Zemer cave,M,SA,110,88.6,NA,xs
5778,5778_45,Einan,M,SA,110,88.6,NA,xs
5778,5778_48,Zemer cave,M,SA,110,88.6,NA,xs
5778,5778_49,multiple,M,SA,110,88.6,NA,xs
5778,5778_50,temporary,M,SA,110,88.6,NA,xs
5778,5778_51,Zemer cave,M,SA,110,88.6,NA,xs
5778,5778_52,Zemer cave,M,SA,110,88.6,NA,xs
5781,5781_46,multiple,M,SA,88,83,NA,xs
5781,5781_45,multiple,M,SA,88,83,NA,xs
6026,6026_46,multiple,F,SA,101,88.4,no,NA
6026,6026_45,multiple,F,SA,101,88.4,no,NA
6029,6029_46,Har Gershom,F,pup,57,74.4,NA,NA
6029,6029_47,Har Gershom,F,pup,57,74.4,NA,NA
6029,6029_48,multiple,F,pup,57,74.4,NA,NA
6032,6032_3,Zemer cave,F,J,93,80,NA,NA
6125,6125_27,Har Gershom,F,A,130,88,no,NA
6125,6125_26,multiple,F,A,130,88,no,NA
6181,6181_46,Zemer cave,F,J,71,81.7,NA,NA
6181,6181_45,multiple,F,J,71,81.7,NA,NA
6182,6182_39,multiple,M,J,91,81.5,NA,xs
6238,6238_46,Har Gershom,F,A,132,94.2,no,NA
6238,6238_47,multiple,F,A,132,94.2,no,NA
6238,6238_45,multiple,F,A,132,94.2,no,NA
6238,6238_48,Zemer cave,F,A,132,94.2,no,NA
6240,6240_48,Zemer cave,F,A,112,91,no,NA
6240,6240_49,Zemer cave,F,A,112,91,no,NA
6240,6240_50,Zemer cave,F,A,112,91,no,NA
6240,6240_51,Zemer cave,F,A,112,91,no,NA
6242,6242_46,Zemer cave,M,A,145,90.8,NA,10.5
6242,6242_45,Einan,M,A,145,90.8,NA,10.5
6245,6245_45,multiple,M,A,157,94.5,NA,14
6246,6246_46,Har Gershom,M,A,119,92.8,NA,xs
6246,6246_47,Har Gershom,M,A,119,92.8,NA,xs
6246,6246_45,multiple,M,A,119,92.8,NA,xs
6246,6246_48,multiple,M,A,119,92.8,NA,xs
6246,6246_49,temporary,M,A,119,92.8,NA,xs
6246,6246_51,Einan,M,A,119,92.8,NA,xs
6246,6246_52,multiple,M,A,119,92.8,NA,xs
6246,6246_1,Einan,M,A,119,92.8,NA,xs
6247,6247_45,multiple,F,A,129,96,no,NA
6247,6247_46,Zemer cave,F,A,129,96,no,NA
6251,6251_46,temporary,M,SA,103,92.5,NA,xs
6251,6251_47,temporary,M,SA,103,92.5,NA,xs
6251,6251_45,multiple,M,SA,103,92.5,NA,xs
6251,6251_48,temporary,M,SA,103,92.5,NA,xs
6251,6251_49,temporary,M,SA,103,92.5,NA,xs
6251,6251_50,temporary,M,SA,103,92.5,NA,xs
6251,6251_51,temporary,M,SA,103,92.5,NA,xs
6255,6255_46,Zemer cave,F,A,122,93.5,NA,NA
6255,6255_47,Einan,F,A,122,93.5,NA,NA
6255,6255_48,multiple,F,A,122,93.5,NA,NA
6255,6255_45,multiple,F,A,122,93.5,NA,NA
6258,6258_45,multiple,M,SA,115,87,NA,xs
6258,6258_46,temporary,M,SA,115,87,NA,xs
6260,6260_47,Zemer cave,F,A,129.4,92,no,NA
6260,6260_48,multiple,F,A,129.4,92,no,NA
6260,6260_49,Zemer cave,F,A,129.4,92,no,NA
6263,6263_46,multiple,F,A,115,89.4,start,NA
6263,6263_45,temporary,F,A,115,89.4,start,NA
6265,6265_46,Zemer cave,M,A,145,94.1,NA,10.5
6265,6265_45,Einan,M,A,145,94.1,NA,10.5
6265,6265_48,Zemer cave,M,A,145,94.1,NA,10.5
6265,6265_49,Zemer cave,M,A,145,94.1,NA,10.5
6265,6265_50,Zemer cave,M,A,145,94.1,NA,10.5
6265,6265_51,Zemer cave,M,A,145,94.1,NA,10.5
6266,6266_46,multiple,F,A,136,91.7,start,NA
6266,6266_45,multiple,F,A,136,91.7,start,NA
6267,6267_46,multiple,F,A,124,96,no,NA
6267,6267_47,temporary,F,A,124,96,no,NA
6267,6267_48,temporary,F,A,124,96,no,NA
6267,6267_49,temporary,F,A,124,96,no,NA
6267,6267_45,multiple,F,A,124,96,no,NA
6271,6271_46,Zemer cave,M,A,143,95.2,NA,11.6
6271,6271_47,multiple,M,A,143,95.2,NA,11.6
6271,6271_45,multiple,M,A,143,95.2,NA,11.6
6271,6271_48,Zemer cave,M,A,143,95.2,NA,11.6
6271,6271_49,Zemer cave,M,A,143,95.2,NA,11.6
6271,6271_50,Zemer cave,M,A,143,95.2,NA,11.6
6271,6271_51,multiple,M,A,143,95.2,NA,11.6
6274,6274_46,temporary,F,A,121,95.5,U,NA
6274,6274_45,multiple,F,A,121,95.5,U,NA
6335,6335_3,Zemer cave,M,A,148.9,91,NA,13
6338,6338_3,multiple,M,A,173.5,93,NA,?
6340,6340_3,Zemer cave,M,A,165,88,NA,M
4429,4429_17,Har Gershom,F,A,162,92.4,NA,NA
4429,4429_18,Har Gershom,F,A,162,92.4,NA,NA
4429,4429_16,Har Gershom,F,A,162,92.4,NA,NA
4429,4429_19,Har Gershom,F,A,162,92.4,NA,NA
4440,4440_17,Har Gershom,F,J,91,82,NA,NA
4440,4440_18,Har Gershom,F,J,91,82,NA,NA
4440,4440_16,Har Gershom,F,J,91,82,NA,NA
4442,4442_16,multiple,NA,J,93,78.4,NA,NA
4444,4444_17,Har Gershom,F,A,132,90.5,NA,NA
4444,4444_16,Har Gershom,F,A,132,90.5,NA,NA
4445,4445_16,multiple,M,J,94,82.3,NA,s
4445,4445_17,Har Gershom,M,J,94,82.3,NA,s
4575,4575_13,temporary,M,J,105,87.8,NA,very small
4576,4576_11,multiple,F,SA,115,93.2,NA,NA
4576,4576_10,Har Gershom,F,SA,115,93.2,NA,NA
4577,4577_12,Har Gershom,M,A,163,97,NA,M
4577,4577_13,Har Gershom,M,A,163,97,NA,M
4577,4577_11,Har Gershom,M,A,163,97,NA,M
4579,4579_11,Har Gershom,M,A,153,95.6,NA,L
